Product serial number,Product name (editable),Custom code (editable),Description (editable),Material Brand Name,Surface Type,Inventory Type,"Material Type
MTY

#mid(0,3)","Material Finish Category
MFC

#mid(5,3)",Grain,"Material Thk 
(In mm)
MTH

#mid(13,6)","Material Square 
Foot Cost 
(Per Sq.Ft)
MSC
#mid(20,6)","Material Glue Cost 
(Per Sq.Ft)
MGC
#mid(27,6)",Material Cost,"Material Size 
(Length in Feet)","Material Size 
(Width in Feet)",EB Article Code,EB Internal Code,EB Brand Name,EB Description,"Edgeband Glue Cost
(Per Running Meter)
EGC","Edge Band
22_0p8","Edge Band
22_1p0","Edge Band
22_2p0","Edge Band
23_1p3","Edge Band
25_1p3","Edge Band
30_0p8","Edge Band
30_2p0","Edge Band
45_0p8","Edge Band
45_2p0",Purchase Cost Validation,Purchase Cost Validate by,Validation Completaion Date,Remark ,,,"Edgeband Glue Cost
(Per Running Meter)
EGC
#mid(0,6)","Edge Band
22_0p8

#mid(8,6)","Edge Band
22_1p0

#mid(15,6)","Edge Band
22_2p0

#mid(22,6)","Edge Band
23_1p0

#mid(29,6)","Edge Band
23_1p3

#mid(36,6)","Edge Band
25_1p3

#mid(43,6)","Edge Band
30_0p8

#mid(50,6)","Edge Band
30_2p0

#mid(57,6)","Edge Band
45_0p8

#mid(64,6)","Edge Band
45_2p0

#mid(71,6)"
3FO3GKE3P386,BWP09,HW/BWP/09MM,BWP09,Homworks,,Inventory,Core Material,NA,NoGrain,9.2,42,0, 1344,8,4,NA,NA,NA,NA,0,0,0,0,0,0,0,0,0,0,Done,Sindhu,21-07-2026,1216,,,,,,,,,,,,,
3FO3GKECSECD,BWP16,HW/BWP/16MM,BWP16,Homworks,,Inventory,Core Material,NA,NoGrain,16.2,75,0,2400,8,4,NA,NA,NA,NA,0,0,0,0,0,0,0,0,0,0,Done,Sindhu,21-07-2026,2088,,,,,,,,,,,,,
3FO3GKE9OAUQ,BWP23,HW/BWP/23MM,BWP23,Homworks,,Inventory,Core Material,NA,NoGrain,23.2,120,0,3840,8,4,NA,NA,NA,NA,0,0,0,0,0,0,0,0,0,0,Done,Sindhu,21-07-2026,2656,,,,,,,,,,,,,
3FO3GKB2B6TG,BWP32,HW/BWP/32MM,BWP32,Homworks,,Inventory,Core Material,NA,NoGrain,2.7,150,4.2,4800,8,4,NA,NA,NA,NA,0,0,0,0,0,0,0,0,0,0,Done,Sindhu,21-07-2026,,,,,,,,,,,,,,
3FO3GKAOX1LW,HDHMR5p5,HW/HDHMR/5p5MM,HDHMR5p5,Homworks,,Inventory,Core Material,NA,NoGrain,5.5,29.4,0,940.8,8,4,NA,NA,NA,NA,0,0,0,0,0,0,0,0,0,0,Done,Sindhu,21-07-2026,576.96,,,,,,,,,,,,,
3FO3GKE6S4WH,HDHMR08,HW/HDHMR/8MM,HDHMR08,Homworks,,Inventory,Core Material,NA,NoGrain,8,33.1,0,1059.2,8,4,NA,NA,NA,NA,0,0,0,0,0,0,0,0,0,0,Done,Sindhu,21-07-2026,832,,,,,,,,,,,,,
3FO3GDVQ8IC3,HDHMR12,HW/HDHMR/12MM,HDHMR12,Homworks,,Inventory,Core Material,NA,NoGrain,12,50.2,0,1606.4,8,4,NA,NA,NA,NA,0,0,0,0,0,0,0,0,0,0,Done,Sindhu,21-07-2026,1280,,,,,,,,,,,,,
3FO3GKDWD5US,HDHMR16,HW/HDHMR/16MM,HDHMR16,Homworks,,Inventory,Core Material,NA,NoGrain,16,69.2,0,2214.4,8,4,NA,NA,NA,NA,0,0,0,0,0,0,0,0,0,0,Done,Sindhu,21-07-2026,1472,,,,,,,,,,,,,
3FO3GKE6R9T8,HDHMR25,HW/HDHMR/25MM,HDHMR25,Homworks,,Inventory,Core Material,NA,NoGrain,25,104.6,0,3347.2,8,4,NA,NA,NA,NA,0,0,0,0,0,0,0,0,0,0,Done,Sindhu,21-07-2026,2656,,,,,,,,,,,,,
3FO3GKDWC7FI,HDHMR32,HW/HDHMR/32MM,HDHMR32,Homworks,,Inventory,Core Material,NA,NoGrain,2,138.4,4.2,4428.8,8,4,NA,NA,NA,NA,0,0,0,0,0,0,0,0,0,0,Done,Sindhu,21-07-2026,2944,,,,,,,,,,,,,
,Flexiply,,,Homworks,,Inventory,Core Material,NA,NoGrain,,,,,,,,,,,,,,,,,,,,,,,,,,,,,,,,,,,,,
3FO3GKB4LM7I,WPC18,HW/WPC/18MM,WPC18,Homworks,,Inventory,Core Material,NA,NoGrain,18,144.1,0,4611.2,8,4,NA,NA,NA,NA,0,0,0,0,0,0,0,0,0,0,Done,Sindhu,21-07-2026,3774.75,,,,,,,,,,,,,
3FO3GKAR0CRJ,PLOSRWT18,HW/OSRWT/18MM,PLOSRWT18,Homworks,,Inventory,Core Material,NA,NoGrain,18,87,0,2784,8,4,NA,NA,NA,NA,0,0,0,0,0,0,0,0,0,0,Done,Sindhu,21-07-2026,2302.24,,,,,,,,,,,,,
3FO3GKEDCEQ2,PLOSRSM18,HW/OSRSM/18MM,PLOSRSM18,Homworks,,Inventory,Core Material,NA,NoGrain,18,87,0,2784,8,4,NA,NA,NA,NA,0,0,0,0,0,0,0,0,0,0,Done,Sindhu,21-07-2026,2302.24,,,,,,,,,,,,,
3FO3GKAPF8H2,PLOSRCM18,HW/OSRCM/18MM,PLOSRCM18,Homworks,,Inventory,Core Material,NA,NoGrain,18,87,0,2784,8,4,NA,NA,NA,NA,0,0,0,0,0,0,0,0,0,0,Done,Sindhu,21-07-2026,2302.24,,,,,,,,,,,,,
3FO3GKE01OBR,PLBSLWT18,HW/BSLWT/18MM,PLBSLWT18,Homworks,,Inventory,Core Material,NA,NoGrain,18,87,0,2784,8,4,NA,NA,NA,NA,0,0,0,0,0,0,0,0,0,0,Done,Sindhu,21-07-2026,2357.76,,,,,,,,,,,,,
3FO3GKAOS63G,PLBSLSM18,HW/BSLSM/18MM,PLBSLSM18,Homworks,,Inventory,Core Material,NA,NoGrain,18,87,0,2784,8,4,NA,NA,NA,NA,0,0,0,0,0,0,0,0,0,0,Done,Sindhu,21-07-2026,2357.76,,,,,,,,,,,,,
3FO3GKE9S4LV,PLBSLCM18,HW/BSLCM/18MM,PLBSLCM18,Homworks,,Inventory,Core Material,NA,NoGrain,18,87,0,2784,8,4,NA,NA,NA,NA,0,0,0,0,0,0,0,0,0,0,Done,Sindhu,21-07-2026,2357.76,,,,,,,,,,,,,
3FO3GKEF8P8V,PRELAMWT,Dummy Surface,PRELAMWT,Homworks,,Inventory,Dummy Surface,NA,NoGrain,0,0,0,0,8,4,NA,NA,NA,NA,0,0,0,0,0,0,0,0,0,0,,,,,,,,,,,,,,,,,
3FO3GKAPE6OQ,PRELAMSM,Dummy Surface,PRELAMSM,Homworks,,Inventory,Dummy Surface,NA,NoGrain,0,0,0,0,8,4,NA,NA,NA,NA,0,0,0,0,0,0,0,0,0,0,,,,,,,,,,,,,,,,,
3FO3GKB4HSGD,PRELAMCM,Dummy Surface,PRELAMCM,Homworks,,Inventory,Dummy Surface,NA,NoGrain,0,0,0,0,8,4,NA,NA,NA,NA,0,0,0,0,0,0,0,0,0,0,,,,,,,,,,,,,,,,,
3FO3F6R06KJI,NOSURF,Dummy Surface,NOSURF,Homworks,,Inventory,Dummy Surface,NA,NoGrain,0,0,0,0,8,4,NA,NA,NA,NA,0,0,0,0,0,0,0,0,0,0,,,,,,,,,,,,,,,,,
3FO3GKEF9NO6,WPCNOSURF,Dummy Surface,WPCNOSURF,Homworks,,Inventory,Dummy Surface,NA,NoGrain,0,0,0,0,8,4,75701,EBINL001,Rehau,Frosty White - I,6.75,6,0,0,0,0,0,0,0,0,,,,,,,,,,,,,,,,,
3FO3GKE0THC3,INL001A,HW/BK-WT/0.8MM,WHITE,K BOARD,,Inventory,Laminate,Matt,NoGrain,0.8,32,4.2,1024,8,4,75701,EBINL001,Rehau,Frosty White - I,6.75,6,0,0,0,0,0,0,41.34,0,Done,Sindhu,21-07-2026,350,0.7,Edgeband need to update,,6,,,,,,,,27.03,
3FO3GKAQVT2H,INL001B,HW/BK-WT/1MM,WHITE,K BOARD,,Inventory,Laminate,Matt,NoGrain,1,32,4.2,1024,8,4,75701,EBINL001,Rehau,Frosty White - I,6.75,6,0,0,0,0,0,0,41.34,0,Done,Sindhu,21-07-2026,535,,Edgeband need to update,,6,,,,,,,,27.03,
3FO3GKDWH6B0,INL001C,HW/BK-WT/1.25MM,WHITE,K BOARD,,Inventory,Laminate,Matt,NoGrain,1.25,32,4.2,1024,8,4,75701,EBINL001,Rehau,Frosty White - I,6.75,6,0,0,0,0,0,0,41.34,0,Done,Sindhu,21-07-2026,650,,Edgeband need to update,,6,,,,,,,,27.03,
3FO3GKAPGXNK,INL002A,HW/BK-SM/0.8MM,SMOKEY MESH,K BOARD,,Inventory,Laminate,Matt,NoGrain,0.8,32,4.2,1024,8,4,701P,EBINL002,Rehau,Smoky Mesh,6.75,12,0,0,0,0,0,0,41.34,0,Done,Sindhu,21-07-2026,355,0.7,Edgeband need to update,,12.72,,,,,,,,41.34,
3FO3GKEF68B5,INL002B,HW/BK-SM/1MM,SMOKEY MESH,K BOARD,,Inventory,Laminate,Matt,NoGrain,1,32,4.2,1024,8,4,701P,EBINL002,Rehau,Smoky Mesh,6.75,12,0,0,0,0,0,0,41.34,0,Done,Sindhu,21-07-2026,550,,Edgeband need to update,,12.72,,,,,,,,41.34,
3FO3GKB4LFIG,INL002C,HW/BK-SM/1.25MM,SMOKEY MESH,K BOARD,,Inventory,Laminate,Matt,NoGrain,1.25,32,4.2,1024,8,4,701P,EBINL002,Rehau,Smoky Mesh,6.75,12,0,0,0,0,0,0,41.34,0,Done,Sindhu,21-07-2026,660,,Edgeband need to update,,12.72,,,,,,,,41.34,
3FO3GKE67YEG,INL003A,HW/BK-CM/0.8MM,CLEAR MESH,K BOARD,,Inventory,Laminate,Matt,NoGrain,0.8,32,4.2,1024,8,4,9022p,EBINL003,Rehau,Clear mesh,6.75,7.25,0,0,0,0,0,0,41.34,0,Done,Sindhu,21-07-2026,355,0.7,Edgeband need to update,,7.63,,,,,,,,41.34,
3FO3GKE01YCU,INL003B,HW/BK-CM/1MM,CLEAR MESH,K BOARD,,Inventory,Laminate,Matt,NoGrain,1,32,4.2,1024,8,4,9022p,EBINL003,Rehau,Clear mesh,6.75,7.25,0,0,0,0,0,0,41.34,0,Done,Sindhu,21-07-2026,550,,Edgeband need to update,,7.63,,,,,,,,41.34,
3FO3GKEF5TX1,INL003C,HW/BK-CM/1.25MM,CLEAR MESH,K BOARD,,Inventory,Laminate,Matt,NoGrain,1.25,32,4.2,1024,8,4,9022p,EBINL003,Rehau,Clear mesh,6.75,7.25,0,0,0,0,0,0,41.34,0,Done,Sindhu,21-07-2026,660,,Edgeband need to update,,7.63,,,,,,,,41.34,
3FO3GKDUHFF5,AWG004,5331 SUD,MIDNIGHT ACACIA,GREENLAM,Wooden Finish,Inventory,Laminate,Matt,VertGrain,1,38.6,4.2,1235,8,4,684P,EBAWG004,Rehau,684P MICDNIGHT ACACIA,6.75,13.45,0,23.88,0,0,20.25,32.7,43.68,68.28,Done,Sindhu,27-07-2026,1205 ,,,,12.73,,22.6,,,,19.16,30.95,27.03,64.62
3FO3GKAR1HVV,AWB003,14664 SUD,SUEDE CLASSIC ASHWOOD,MERINOLAM,Wooden Finish,Inventory,Laminate,Matt,VertGrain,1,39.9,4.2,1276,8,4,746P,EBAWB003,Rehau, 746P BASQUE HEART WOOD,6.75,13.45,0,23.88,0,0,20.25,32.7,43.68,68.28,Done,Sindhu,21-07-2026,1200,,,,12.73,,22.6,,,,19.16,30.95,27.03,64.62
3FO3GKAXS56N,AWB004,14650 SUD,WESER PRADO ACACIA,MERINOLAM,Wooden Finish,Inventory,Laminate,Matt,VertGrain,1,39.9,4.2,1276,8,4,726P,EBAWB004,Rehau,726P GREY COBBLE,6.75,13.45,0,23.88,0,0,20.25,32.7,43.68,68.28,Done,Sindhu,21-07-2026,1200,,,,12.73,,22.6,,,,19.16,30.95,27.03,64.62
3FO3GKAXA389,BEW002,5338 SUD,SAN STEAMED BOUCHLE,GREENLAM,Wooden Finish,Inventory,Laminate,Matt,VertGrain,1,50.3,4.2,1610,8,4,685P,EBBEW002,Rehau, 685P STEAMED BLOUCHE,6.75,13.45,0,23.88,0,0,20.25,32.7,43.68,68.28,Done,Sindhu,27-07-2026,1535,,,,12.73,,22.6,,,,19.16,30.95,27.03,64.62
3FO3GKAQWE4N,BEW003,5348 SUD,SUD SHERWOOD OAK,GREENLAM,Wooden Finish,Inventory,Laminate,Matt,VertGrain,1,39.8,4.2,1272,8,4,694P,EBBEW003,Rehau, 694P HONEY ASH,6.75,13.45,0,23.88,0,0,20.25,32.7,43.68,68.28,Done,Sindhu,27-07-2026,1205 ,,,,12.73,,22.6,,,,19.16,30.95,27.03,64.62
3FO3GKEFCFN0,AWG003,1269 CRY-Z,CRYSTAL Z+OL,ROYAL TOUCHE,Wooden Finish,Inventory,Laminate,Matt,VertGrain,1.25,62.1,4.2,1987,8,4,1269,EBAWG003,ROYAL TOUCHE,ROYAL TOUCHE 1269,6.75,0,0,0,28.48,0,0,0,0,0,Done,Sindhu,21-07-2026,1930,Local ,,,,,,30.00,,,,,,
3FO3GKARK89H,AWG005,LG-1664,LG,ROYAL TOUCHE,Wooden Finish,Inventory,Laminate,Matt,VertGrain,1.25,62.1,4.2,1987,8,4,274P ,EBAWG005,Rehau,274P JUNGLE WALNUT,6.75,13.45,0,23.88,0,0,20.25,32.7,43.68,68.28,Done,Sindhu,21-07-2026,1930,Local ,,,12.73,,22.6,,,,19.16,30.95,27.03,64.62
3FO3GKDWGEJR,AWB001,9202 ASW,GALLANTRY SAND OAK,HERITAGE,Wooden Finish,Inventory,Laminate,Matt,VertGrain,1,45.9,4.2,1470,8,4,260P,EBAWB001,Rehau,260P AMAZON SILVER OAK,6.75,13.45,0,23.88,0,0,20.25,32.7,43.68,68.28,Done,Sindhu,21-07-2026,1400,,,,12.73,,22.6,,,,19.16,30.95,27.03,64.62
3FO3GKE6Q1CU,AWB002,GR-351,GR,SS,Wooden Finish,Inventory,Laminate,Matt,HorzGrain,1,36.5,4.2,1169,8,4,469P,EBAWB002,Rehau,469P RUSSET TROPICAL,6.75,13.45,0,23.88,0,0,20.25,32.7,43.68,68.28,Done,Sindhu,27-07-2026,1150,,,,12.73,,22.6,,,,19.16,30.95,27.03,64.62
3FO3GKB4NFQ2,BRW001,GR-325,GR,SS,Wooden Finish,Inventory,Laminate,Matt,HorzGrain,1,36.5,4.2,1169,8,4,630P,EBBRW001,Rehau,630P RIMINI WALNUT,6.75,13.45,0,23.88,0,0,20.25,32.7,43.68,68.28,Done,Sindhu,27-07-2026,1150,,,,12.73,,22.6,,,,19.16,30.95,27.03,64.62
3FO3GKE6WPEU,BRW003,GR-347,GR,SS,Wooden Finish,Inventory,Laminate,Matt,HorzGrain,1,36.5,4.2,1169,8,4,822P ,EBBRW003,Rehau,822P PALAU TEAK,6.75,13.45,0,23.88,0,0,20.25,32.7,43.68,68.28,Done,Sindhu,27-07-2026,1150,,,,12.73,,22.6,,,,19.16,30.95,27.03,64.62
3FO3GKECVX2F,BEW001,SM-1731,SM,ROYAL TOUCHE,Wooden Finish,Inventory,Laminate,Matt,VertGrain,1.25,62.1,4.2,1987,8,4,222P ,EBBEW001,Rehau,222P SAVANNAH CHERRY,6.75,13.45,0,23.88,0,0,20.25,32.7,43.68,68.28,Done,Sindhu,21-07-2026,1930,Local ,,,12.73,,22.6,,,,19.16,30.95,27.03,64.62
3FO3GKB4N2CX,BEW004,CF-597,CF 597,ROYAL TOUCHE,Wooden Finish,Inventory,Laminate,Matt,VertGrain,1,42.2,4.2,1349,8,4,173P,EBBEW004,Rehau,173P TAHITI TEAK,6.75,13.45,0,23.88,0,0,20.25,32.7,43.68,68.28,Done,Sindhu,21-07-2026,1310,Local ,,,12.73,,22.6,,,,19.16,30.95,27.03,64.62
3FO3GKE665UW,GOW001,TK-01,TK,SS,Wooden Finish,Inventory,Laminate,Matt,VertGrain,1,36.5,4.2,1169,8,4,974P,EBGOW001,Rehau, 974P VILLAGE OAK,6.75,13.45,0,23.88,0,0,20.25,32.7,43.68,68.28,Done,Sindhu,27-07-2026,1150,,,,12.73,,22.6,,,,19.16,30.95,27.03,64.62
3FO3GKECN5FS,GOW002,TK-04,TK,SS,Wooden Finish,Inventory,Laminate,Matt,VertGrain,1,36.5,4.2,1169,8,4,111P,EBGOW002,Rehau, 111P URBAN TEAK,6.75,13.45,0,23.88,0,0,20.25,32.7,43.68,68.28,Done,Sindhu,27-07-2026,1150,,,,12.73,,22.6,,,,19.16,30.95,27.03,64.62
3FO3GKE3MHXE,GOW003,TK-33,TK,SS,Wooden Finish,Inventory,Laminate,Matt,VertGrain,1,36.5,4.2,1169,8,4,971P,EBGOW003,Rehau, 971P BROWN OAK,6.75,13.45,0,23.88,0,0,20.25,32.7,43.68,68.28,Done,Sindhu,27-07-2026,1150,,,,12.73,,22.6,,,,19.16,30.95,27.03,64.62
3FO3GKEFAPGH,GOW004,PO-954,PO,SS,Wooden Finish,Inventory,Laminate,Matt,VertGrain,1,36.5,4.2,1169,8,4,277P,EBGOW004,Rehau,277P THAI TEAK - III,6.75,13.45,0,23.88,0,0,20.25,32.7,43.68,68.28,Done,Sindhu,27-07-2026,1150,,,,12.73,,22.6,,,,19.16,30.95,27.03,64.62
3FO3GKE3K7OP,MW001,TK-29,TK,SS,Wooden Finish,Inventory,Laminate,Matt,VertGrain,1,36.5,4.2,1169,8,4,475P,EBMW001,Rehau,475P AMAZON WALNUT,6.75,13.45,0,23.88,0,0,20.25,32.7,43.68,68.28,Done,Sindhu,27-07-2026,1150,,,,12.73,,22.6,,,,19.16,30.95,27.03,64.62
3FO3GKE9T6E7,MW002,PO-964,PO,SS,Wooden Finish,Inventory,Laminate,Matt,VertGrain,1,36.5,4.2,1169,8,4,365P,EBMW002,Rehau, 365P DAMRO M31,6.75,13.45,0,23.88,0,0,20.25,32.7,43.68,68.28,Done,Sindhu,27-07-2026,1150,,,,12.73,,22.6,,,,19.16,30.95,27.03,64.62
3FO3GKB2B3HF,WW001,TK-19,TK,SS,Wooden Finish,Inventory,Laminate,Matt,VertGrain,1,36.5,4.2,1169,8,4,165P,EBWW001,Rehau,165P ASIAN OAK,6.75,13.45,0,23.88,0,0,20.25,32.7,43.68,68.28,Done,Sindhu,27-07-2026,1150,,,,12.73,,22.6,,,,19.16,30.95,27.03,64.62
3FO3GKE3NQER,WW002,TK-20,TK,SS,Wooden Finish,Inventory,Laminate,Matt,VertGrain,1,36.5,4.2,1169,8,4,227P,EBWW002,Rehau,227P AMAZON WALNUT,6.75,13.45,0,23.88,0,0,20.25,32.7,43.68,68.28,Done,Sindhu,27-07-2026,1150,,,,12.73,,22.6,,,,19.16,30.95,27.03,64.62
3FO3GKDWBCC9,WW003,TK-10,TK,SS,Wooden Finish,Inventory,Laminate,Matt,VertGrain,1,36.5,4.2,1169,8,4,227P,EBWW003,Rehau,227P AMMAZON WALNUT,6.75,13.45,0,23.88,0,0,20.25,32.7,43.68,68.28,Done,Sindhu,27-07-2026,1150,,,,12.73,,22.6,,,,19.16,30.95,27.03,64.62
3FO3GKAQXTA3,WW005,FM-1727,FM,ROYAL TOUCHE,Wooden Finish,Inventory,Laminate,Matt,VertGrain,1.25,62.1,4.2,1987,8,4,401P,EBWW005,Rehau, 401P COUNTRY OAK,6.75,13.45,0,23.88,0,0,20.25,32.7,43.68,68.28,Done,Sindhu,21-07-2026,1930,Local ,,,12.73,,22.6,,,,19.16,30.95,27.03,64.62
3FO3GKECOUMB,WW006,TK-17,TK,SS,Wooden Finish,Inventory,Laminate,Matt,VertGrain,1,36.5,4.2,1169,8,4,539P,EBWW006,Rehau, 539P NDOUSSIE,6.75,13.45,0,23.88,0,0,20.25,32.7,43.68,68.28,Done,Sindhu,27-07-2026,1150,,,,12.73,,22.6,,,,19.16,30.95,27.03,64.62
3FO3GKE0T7B0,BS002,CRY-1249 MT,CRYSTAL MATTY+,ROYAL TOUCHE,Stone Matt Finish,Inventory,Laminate,Matt,NoGrain,1.25,62.1,4.2,1987,8,4,110109,EBBS002,Rehau,110109 SAND,6.75,9.71,0,20.76,0,0,13.24,25.96,28.56,46.73,Done,Sindhu,21-07-2026,1930,Local ,,,9.19,,19.65,,,,12.53,24.57,27.03,44.22
3FO3GKE3RGSV,GS002,9608 RS,NERO MARMO,HERITAGE,Stone Matt Finish,Inventory,Laminate,Matt,NoGrain,1,45.9,4.2,1470,8,4,110108,EBGS002,Rehau, 110108 BLACK GREY,6.75,9.71,0,20.76,0,0,13.24,25.96,28.56,46.73,Done,Sindhu,21-07-2026,1400,,,,9.19,,19.65,,,,12.53,24.57,27.03,44.22
3FO3GKAOSCRI,FS001,MBS-106,MBS,SS,Stone Matt Finish,Inventory,Laminate,Matt,VertGrain,1,36.5,4.2,1169,8,4,110130,EBFS001,Rehau,110130 WHITE -IV,6.75,9.71,0,20.76,0,0,13.24,25.96,28.56,46.73,Done,Sindhu,27-07-2026,1150,,,,9.19,,19.65,,,,12.53,24.57,27.03,44.22
3FO3GKDWA77W,FS002,MBS-107,MBS,SS,Stone Matt Finish,Inventory,Laminate,Matt,VertGrain,1,36.5,4.2,1169,8,4,110137,EBFS002,Rehau, 110137 FROSTY WHITE - III,6.75,9.71,0,20.76,0,0,13.24,25.96,28.56,46.73,Done,Sindhu,27-07-2026,1150,,,,9.19,,19.65,,,,12.53,24.57,27.03,44.22
3FO3GKECPT2L,FS003,MBS-108,MBS,SS,Stone Matt Finish,Inventory,Laminate,Matt,VertGrain,1,36.5,4.2,1169,8,4,112306,EBFS003,Rehau, 112306 LIGHT BEIGE,6.75,9.71,0,20.76,0,0,13.24,25.96,28.56,46.73,Done,Sindhu,27-07-2026,1150,,,,9.19,,19.65,,,,12.53,24.57,27.03,44.22
3FO3GKAOX8AY,FS004,MBS-103,MBS,SS,Stone Matt Finish,Inventory,Laminate,Matt,VertGrain,1,36.5,4.2,1169,8,4,110231,EBFS004,Rehau,110231 PEBBLE GREY,6.75,9.71,0,20.76,0,0,13.24,25.96,28.56,46.73,Done,Sindhu,27-07-2026,1150,,,,9.19,,19.65,,,,12.53,24.57,27.03,44.22
3FO3GKEF8VWX,CS001,STN-204,STN,SS,Stone Matt Finish,Inventory,Laminate,Matt,NoGrain,1,36.5,4.2,1169,8,4,75649,EBCS001,Rehau,75649 TIDAL SAND,6.75,9.71,0,20.76,0,0,13.24,25.96,28.56,46.73,Done,Sindhu,27-07-2026,1150,,,,9.19,,19.65,,,,12.53,24.57,27.03,44.22
3FO3GKARJGI9,CS002,STN-217,STN,SS,Stone Matt Finish,Inventory,Laminate,Matt,NoGrain,1,36.5,4.2,1169,8,4,112100,EBCS002,Rehau, 112100 GREY,6.75,9.71,0,20.76,0,0,13.24,25.96,28.56,46.73,Done,Sindhu,27-07-2026,1150,,,,9.19,,19.65,,,,12.53,24.57,27.03,44.22
3FO3GKECOH97,CS003,STN-226,STN,SS,Stone Matt Finish,Inventory,Laminate,Matt,NoGrain,1,36.5,4.2,1169,8,4,112195,EBCS003,Rehau, 112195 DESERT SHADOW,6.75,9.71,0,20.76,0,0,13.24,25.96,28.56,46.73,Done,Sindhu,27-07-2026,1150,,,,9.19,,19.65,,,,12.53,24.57,27.03,44.22
3FO3GKB4HVSE,CS004,STN-219,STN,SS,Stone Matt Finish,Inventory,Laminate,Matt,NoGrain,1,36.5,4.2,1169,8,4,112099,EBCS004,Rehau,112099 GREY,6.75,9.71,0,20.76,0,0,13.24,25.96,28.56,46.73,Done,Sindhu,27-07-2026,1150,,,,9.19,,19.65,,,,12.53,24.57,27.03,44.22
3FO3GKDYXPNV,BS001,5571 HDG,HDG CRÈME MARQUINA,GREENLAM,Stone Gloss Finish,Inventory,Laminate,Glossy,NoGrain,1,50.3,4.2,1610,8,4,75649,EBBS001,Rehau,75649 TIDAL SAND (SHGL),6.75,0,0,0,28.54,0,0,0,0,0,Done,Sindhu,27-07-2026,1564,,,,,,,,27.01,,,,,
3FO3GKDUINVI,GS001,5572 HDG,GREY MARQUINA,GREENLAM,Stone Gloss Finish,Inventory,Laminate,Glossy,NoGrain,1,50.3,4.2,1610,8,4,75728,EBGS001,Rehau,75728 SLATE GREY I (SHGL),6.75,0,0,0,28.54,0,0,0,0,0,Done,Sindhu,27-07-2026,1564,,,,,,,,27.01,,,,,
3FO3GKEDBJMS,WS001,PU-425,PU,ROYAL TOUCHE,Stone Gloss Finish,Inventory,Laminate,Glossy,NoGrain,1,48.6,4.2,1555,8,4,110207,EBWS001,Rehau,110207 SOLAR WHITE (SHGL),6.75,0,0,0,28.54,0,0,0,0,0,Done,Sindhu,21-07-2026,1510,Local ,,,,,,,27.01,,,,,
3FO3GKE9OKVT,WS002,MBS-118,MBS,SS,Stone Gloss Finish,Inventory,Laminate,Glossy,NoGrain,1,36.5,4.2,1169,8,4,110130,EBWS002,Rehau,110130 (SHGL),6.75,0,0,0,28.54,0,0,0,0,0,Done,Sindhu,27-07-2026,1150,,,,,,,,27.01,,,,,
3FO3GKE3MYNJ,BS003,9612 PU,MARRONE MARMO,HERITAGE,Stone Gloss Finish,Inventory,Laminate,Glossy,NoGrain,1,45.9,4.2,1470,8,4,1085 P,EBBS003,Rehau,1085 P (GLOSSY CUSTOM EB),6.75,0,0,0,32.03,0,0,0,0,0,Done,Sindhu,21-07-2026,1400,,,,,,,,30.32,,,,,
3FO3GKE1EG62,LP001,21028 NL,CHOCOLATE,MERINOLAM,Pattern Finish,Inventory,Laminate,Matt,NoGrain,1,46.2,4.2,1477,8,4,75738,EBLP001,Rehau,75738 CHOCOLATE I,6.75,9.71,0,20.76,0,0,13.24,25.96,28.56,46.73,Done,Sindhu,21-07-2026,1350,,,,9.19,,19.65,,,,12.53,24.57,27.03,44.22
3FO3GKAOT4IQ,LP002,21066 NL,BLACK,MERINOLAM,Pattern Finish,Inventory,Laminate,Matt,NoGrain,1,46.2,4.2,1477,8,4,110108,EBLP002,Rehau,110108 BLACK GREY,6.75,9.71,0,20.76,0,0,13.24,25.96,28.56,46.73,Done,Sindhu,21-07-2026,1350,,,,9.19,,19.65,,,,12.53,24.57,27.03,44.22
3FO3GKEFCPO3,LP003,FWN-930,FWN GLISTEN,GREENLAM,Pattern Finish,Inventory,Laminate,Matt,NoGrain,1,59,4.2,1888,8,4,662p,EBLP003,Rehau,Glisten,6.75,12.73,0,226,0,0,19.16,30.95,41.34,64.62,Done,Sindhu,27-07-2026,1685,,,,12.73,,22.6,,,,19.16,30.95,41.34,64.62
3FO3GKE6VDLG,LP004,FWN-948,FWN BLACK SEA PEARL,GREENLAM,Pattern Finish,Inventory,Laminate,Matt,NoGrain,1,59,4.2,1888,8,4,75736,EBLP004,Rehau,Warm grey,6.75,9.19,0,19.65,0,0,12.53,24.57,27.03,44.22,Done,Sindhu,27-07-2026,1685,,,,9.19,,19.65,,,,12.53,24.57,27.03,44.22
3FO3GKE6VGXH,FSP002,21091 VL,FROSTY WHITE,MERINOLAM,Pattern Finish,Inventory,Laminate,Matt,VertGrain,1,44.3,4.2,1416,8,4,75701,EBFSP002,Rehau,75701 FROSTY WHIT,6.75,9.71,0,20.76,0,0,13.24,25.96,28.56,46.73,Done,Sindhu,21-07-2026,1380,,,,9.19,,19.65,,,,12.53,24.57,27.03,44.22
3FO3GKEDA7TE,FSP003,22099 VL,SLATE,MERINOLAM,Pattern Finish,Inventory,Laminate,Matt,VertGrain,1,44.3,4.2,1417,8,4,75728,EBFSP003,Rehau, 75728 SLATE GREY - I,6.75,9.71,0,20.76,0,0,13.24,25.96,28.56,46.73,Done,Sindhu,21-07-2026,1380,,,,9.19,,19.65,,,,12.53,24.57,27.03,44.22
3FO3GKE6SIAL,WP001,5377 SAT,DANDY WOOD TAUPE,GREENLAM,Pattern Finish,Inventory,Laminate,Matt,VertGrain,1,50.4,4.2,1612,8,4,661P,EBWP001,Rehau,661P METALINE,6.75,13.45,0,23.88,0,0,20.25,32.7,43.68,68.28,Done,Sindhu,27-07-2026,1535,,,,12.73,,22.6,,,,19.16,30.95,27.03,64.62
3FO3GKECOAK5,WP002,5378 SAT,DANDY WOOD ANTHRACITE,GREENLAM,Pattern Finish,Inventory,Laminate,Matt,VertGrain,1,50.4,4.2,1612,8,4,124P,EBWP002,Rehau,124P TWILIGHT OAK,6.75,13.45,0,23.88,0,0,20.25,32.7,43.68,68.28,Done,Sindhu,27-07-2026,1535,,,,12.73,,22.6,,,,19.16,30.95,27.03,64.62
3FO3GKAXA9WB,FP002,CV-532,CV,ROYAL TOUCHE,Pattern Finish,Inventory,Laminate,Matt,NoGrain,1,48.6,4.2,1555,8,4,1088P,EBFP002,Rehau,1088P (NEW CUSTOM EB),6.75,13.45,0,23.88,0,0,20.25,32.7,43.68,68.28,Done,Sindhu,21-07-2026,1510,Local ,,,12.73,,22.6,,,,19.16,30.95,27.03,64.62
3FO3GKB4MALP,FP005,GR-304,GR,SS,Pattern Finish,Inventory,Laminate,Matt,VertGrain,1,36.6,4.2,1170,8,4,1008P,EBFP005,Rehau, 1008P ASH WOOD,6.75,13.45,0,23.88,0,0,20.25,32.7,43.68,68.28,Done,Sindhu,27-07-2026,1150,,,,12.73,,22.6,,,,19.16,30.95,27.03,64.62
3FO3GKDWAH90,FSP001,CRY-1129 Z,CRYSTAL Z+AM,ROYAL TOUCHE,Pattern Finish,Inventory,Laminate,Matt,VertGrain,1.25,62.1,4.2,1987,8,4,75705,EBFSP001,Rehau,75705 IRISH CREAM,6.75,9.71,0,20.76,0,0,13.24,25.96,28.56,46.73,Done,Sindhu,21-07-2026,1930,Local ,,,9.19,,19.65,,,,12.53,24.57,27.03,44.22
3FO3GKECQ0QN,FSP004,STN-259,STN,SS,Pattern Finish,Inventory,Laminate,Matt,VertGrain,1,36.5,4.2,1169,8,4,112251,EBFSP004,Rehau,112251 COSTORO BEIGE,6.75,9.71,0,20.76,0,0,13.24,25.96,28.56,46.73,Done,Sindhu,27-07-2026,1150,,,,9.19,,19.65,,,,12.53,24.57,27.03,44.22
3FO3GKAXTR15,FSP005,STN-257,STN,SS,Pattern Finish,Inventory,Laminate,Matt,VertGrain,1,36.5,4.2,1169,8,4,112099,EBFSP005,Rehau, 112099 GREY,6.75,9.71,0,20.76,0,0,13.24,25.96,28.56,46.73,Done,Sindhu,27-07-2026,1150,,,,9.19,,19.65,,,,12.53,24.57,27.03,44.22
3FO3GKAR063H,WP003,HD-7040,HD,ROYAL TOUCHE,Pattern Finish,Inventory,Laminate,Matt,NoGrain,1.25,77.7,4.2,2487,8,4,1320E,EBWP003,Rehau,1320E BRONZE,6.75,13.45,0,23.88,0,0,20.25,32.7,43.68,68.28,Done,Sindhu,21-07-2026,2415,Local ,,,12.73,,22.6,,,,19.16,30.95,27.03,64.62
3FO3GKDWG4IO,WP004,HD-7041,HD,ROYAL TOUCHE,Pattern Finish,Inventory,Laminate,Matt,NoGrain,1.25,77.7,4.2,2487,8,4,493P,EBWP004,Rehau,493P GRIS EBONY,6.75,13.45,0,23.88,0,0,20.25,32.7,43.68,68.28,Done,Sindhu,21-07-2026,2415,Local ,,,12.73,,22.6,,,,19.16,30.95,27.03,64.62
3FO3GKEFAIRF,WSM001,107 SUD,SUD,GREENLAM,Solid Matt Finish,Inventory,Laminate,Matt,NoGrain,1,39.8,4.2,1272,8,4,75638,EBWSM001,Rehau,75638 WHITE III,6.75,9.71,0,20.76,0,0,13.24,25.96,28.56,46.73,Done,Sindhu,27-07-2026,1205 ,,,,9.19,,19.65,,,,12.53,24.57,27.03,44.22
3FO3GKE9P9B1,GSM001,271 SAT,LIGHT GREY,GREENLAM,Solid Matt Finish,Inventory,Laminate,Matt,NoGrain,1,50.4,4.2,1612,8,4,112068,EBGSM001,Rehau, 112068 SILVER GREY,6.75,9.71,0,20.76,0,0,13.24,25.96,28.56,46.73,Done,Sindhu,27-07-2026,1535,,,,9.19,,19.65,,,,12.53,24.57,27.03,44.22
3FO3GKAPEA1R,GSM002,22169,PALE GREY,MERINOLAM,Solid Matt Finish,Inventory,Laminate,Matt,NoGrain,1,45.5,4.2,1456,8,4,75703,EBGSM002,Rehau, 75703 SILVER GREY,6.75,9.71,0,20.76,0,0,13.24,25.96,28.56,46.73,Done,Sindhu,21-07-2026,1150,,,,9.19,,19.65,,,,12.53,24.57,27.03,44.22
3FO3GKAXQLO7,GSM003,21369,PEBBLE GREY,MERINOLAM,Solid Matt Finish,Inventory,Laminate,Matt,NoGrain,1,38.8,4.2,1242,8,4,75709,EBGSM003,Rehau,75709 DOVE GREY - II,6.75,9.71,0,20.76,0,0,13.24,25.96,28.56,46.73,Done,Sindhu,21-07-2026,1150,,,,9.19,,19.65,,,,12.53,24.57,27.03,44.22
3FO3GKE68CRK,GSM004,266 SAT,ASH GREY,GREENLAM,Solid Matt Finish,Inventory,Laminate,Matt,NoGrain,1,50.4,4.2,1612,8,4,112087,EBGSM004,Rehau, 112087 ASH GREY,6.75,9.71,0,20.76,0,0,13.24,25.96,28.56,46.73,Done,Sindhu,27-07-2026,1535,,,,9.19,,19.65,,,,12.53,24.57,27.03,44.22
3FO3GKDWXOQX,BLSM001,272 SAT,CLOUD,GREENLAM,Solid Matt Finish,Inventory,Laminate,Matt,NoGrain,1,50.4,4.2,1612,8,4,110103,EBBLSM001,Rehau,110103 CLOUD,6.75,9.71,0,20.76,0,0,13.24,25.96,28.56,46.73,Done,Sindhu,27-07-2026,1535,,,,9.19,,19.65,,,,12.53,24.57,27.03,44.22
3FO3GKE62M5U,BLSM002,1561 SD,POWDER BLUE,HERITAGE,Solid Matt Finish,Inventory,Laminate,Matt,NoGrain,1,41.8,4.2,1339,8,4,112301,EBBLSM002,Rehau,112301 FOG BLUE,6.75,9.71,0,20.76,0,0,13.24,25.96,28.56,46.73,Done,Sindhu,21-07-2026,1225,,,,9.19,,19.65,,,,12.53,24.57,27.03,44.22
3FO3GKECVJOB,BLSM003,1562 SD,MARINE BLUE,HERITAGE,Solid Matt Finish,Inventory,Laminate,Matt,NoGrain,1,41.8,4.2,1339,8,4,112170,EBBLSM003,Rehau,112170 MESMERIZE,6.75,9.71,0,20.76,0,0,13.24,25.96,28.56,46.73,Done,Sindhu,21-07-2026,1225,,,,9.19,,19.65,,,,12.53,24.57,27.03,44.22
3FO3GKDYXMBU,BLSM004,297 SAT,BLUE GALAXY,GREENLAM,Solid Matt Finish,Inventory,Laminate,Matt,NoGrain,1,50.4,4.2,1612,8,4,112073,EBBLSM004,Rehau,112073 BLUE GALAXY,6.75,9.71,0,20.76,0,0,13.24,25.96,28.56,46.73,Done,Sindhu,27-07-2026,1535,,,,9.19,,19.65,,,,12.53,24.57,27.03,44.22
3FO3GKE6PMYQ,BLSM005,1564 SD,GREY NAVY,HERITAGE,Solid Matt Finish,Inventory,Laminate,Matt,NoGrain,1,41.8,4.2,1339,8,4,75710,EBBLSM005,Rehau,75710 MIDNIGHT BLUE,6.75,9.71,0,20.76,0,0,13.24,25.96,28.56,46.73,Done,Sindhu,21-07-2026,1225,,,,9.19,,19.65,,,,12.53,24.57,27.03,44.22
3FO3GKB4N5OY,BLSM006,22102,TROOPER,MERINOLAM,Solid Matt Finish,Inventory,Laminate,Matt,NoGrain,1,38.8,4.2,1242,8,4,110203,EBBLSM006,Rehau, 110203 TROOPER,6.75,9.71,0,20.76,0,0,13.24,25.96,28.56,46.73,Done,Sindhu,21-07-2026,1150,,,,9.19,,19.65,,,,12.53,24.57,27.03,44.22
3FO3GKB4IU8O,BLSM007,21022,MIDNIGHT BLUE,MERINOLAM,Solid Matt Finish,Inventory,Laminate,Matt,NoGrain,1,38.8,4.2,1242,8,4,75710,EBBLSM007,Rehau, 75710 MIDNIGHT BLUE,6.75,9.71,0,20.76,0,0,13.24,25.96,28.56,46.73,Done,Sindhu,21-07-2026,1150,,,,9.19,,19.65,,,,12.53,24.57,27.03,44.22
3FO3GKAPF551,GRSM002,1581 SD,FOREST,HERITAGE,Solid Matt Finish,Inventory,Laminate,Matt,NoGrain,1,41.8,4.2,1339,8,4,75721,EBGRSM002,Rehau, 75721 PISTA GREEN,6.75,9.71,0,20.76,0,0,13.24,25.96,28.56,46.73,Done,Sindhu,21-07-2026,1225,,,,9.19,,19.65,,,,12.53,24.57,27.03,44.22
3FO3GKB4H526,GRSM003,244 SAT,GREEN PEPPER,GREENLAM,Solid Matt Finish,Inventory,Laminate,Matt,NoGrain,1,50.4,4.2,1612,8,4,112290,EBGRSM003,Rehau,112290 JUNGLE GREEN,6.75,9.71,0,20.76,0,0,13.24,25.96,28.56,46.73,Done,Sindhu,27-07-2026,1535,,,,9.19,,19.65,,,,12.53,24.57,27.03,44.22
3FO3GKE02Q43,GRSM004,245 SAT,DARK GREEN,GREENLAM,Solid Matt Finish,Inventory,Laminate,Matt,NoGrain,1,50.4,4.2,1612,8,4,112081,EBGRSM004,Rehau,112081 DARK GREEN,6.75,9.71,0,20.76,0,0,13.24,25.96,28.56,46.73,Done,Sindhu,27-07-2026,1535,,,,9.19,,19.65,,,,12.53,24.57,27.03,44.22
3FO3GKEDC4OY,GRSM005,1565SD,PACIFIC BLUE,HERITAGE,Solid Matt Finish,Inventory,Laminate,Matt,NoGrain,1,41.8,4.2,1339,8,4,112167,EBGRSM005,Rehau, 112167 BLUE,6.75,9.71,0,20.76,0,0,13.24,25.96,28.56,46.73,Done,Sindhu,21-07-2026,1225,,,,9.19,,19.65,,,,12.53,24.57,27.03,44.22
3FO3GKAPFSJ8,GRSM006,1563 SD,AZUR GREEN,HERITAGE,Solid Matt Finish,Inventory,Laminate,Matt,NoGrain,1,41.8,4.2,1339,8,4,112158,EBGRSM006,Rehau, 112158 FOREST GREEN,6.75,9.71,0,20.76,0,0,13.24,25.96,28.56,46.73,Done,Sindhu,21-07-2026,1225,,,,9.19,,19.65,,,,12.53,24.57,27.03,44.22
3FO3GKDUI3TC,VSM001,1553 SD,DEEP WINE,HERITAGE,Solid Matt Finish,Inventory,Laminate,Matt,NoGrain,1,41.8,4.2,1339,8,4,110144,EBVSM001,Rehau,110144 BERRY BUNCH,6.75,9.71,0,20.76,0,0,13.24,25.96,28.56,46.73,Done,Sindhu,21-07-2026,1225,,,,9.19,,19.65,,,,12.53,24.57,27.03,44.22
3FO3GKE6QYS5,RSM002,21155,21155 CARAMEL,MERINOLAM,Solid Matt Finish,Inventory,Laminate,Matt,NoGrain,1,38.8,4.2,1242,8,4,110121,EBRSM002,Rehau,110121 CARAMEL,6.75,9.71,0,20.76,0,0,13.24,25.96,28.56,46.73,Done,Sindhu,21-07-2026,1150,,,,9.19,,19.65,,,,12.53,24.57,27.03,44.22
3FO3GKB4GDAX,RSM003,22084,BLUSH,MERINOLAM,Solid Matt Finish,Inventory,Laminate,Matt,NoGrain,1,38.8,4.2,1242,8,4,110146,EBRSM003,Rehau,110146 LIGHT RED,6.75,9.71,0,20.76,0,0,13.24,25.96,28.56,46.73,Done,Sindhu,21-07-2026,1150,,,,9.19,,19.65,,,,12.53,24.57,27.03,44.22
3FO3GKE9T9Q8,RSM004,138 SAT,TERRACOTTA,GREENLAM,Solid Matt Finish,Inventory,Laminate,Matt,NoGrain,1,50.4,4.2,1612,8,4,112128,EBRSM004,Rehau, 112128 TERRACOTTA,6.75,9.71,0,20.76,0,0,13.24,25.96,28.56,46.73,Done,Sindhu,27-07-2026,1535,,,,9.19,,19.65,,,,12.53,24.57,27.03,44.22
3FO3GKAXSVWV,RSM005,1552 SD,CLARET RED,HERITAGE,Solid Matt Finish,Inventory,Laminate,Matt,NoGrain,1,41.8,4.2,1339,8,4,110145,EBRSM005,Rehau, 110145 FIESTA ROSE,6.75,9.71,0,20.76,0,0,13.24,25.96,28.56,46.73,Done,Sindhu,21-07-2026,1225,,,,9.19,,19.65,,,,12.53,24.57,27.03,44.22
3FO3GKE9MY2C,BSM001,21061,PEANUT,MERINOLAM,Solid Matt Finish,Inventory,Laminate,Matt,NoGrain,1,38.8,4.2,1242,8,4,112008,EBBSM001,Rehau, 112008 PEANUT,6.75,9.71,0,20.76,0,0,13.24,25.96,28.56,46.73,Done,Sindhu,21-07-2026,1150,,,,9.19,,19.65,,,,12.53,24.57,27.03,44.22
3FO3GKAPGDLE,BSM002,21007,OYSTER,MERINOLAM,Solid Matt Finish,Inventory,Laminate,Matt,NoGrain,1,38.8,4.2,1242,8,4,61613,EBBSM002,Rehau, 61613 BEIGE,6.75,9.71,0,20.76,0,0,13.24,25.96,28.56,46.73,Done,Sindhu,21-07-2026,1150,,,,9.19,,19.65,,,,12.53,24.57,27.03,44.22
3FO3GKAPG3KB,BSM003,132 SAT,CYCLONE,GREENLAM,Solid Matt Finish,Inventory,Laminate,Matt,NoGrain,1,50.4,4.2,1612,8,4,110112,EBBSM003,Rehau, 110112 PUMIC GREY,6.75,9.71,0,20.76,0,0,13.24,25.96,28.56,46.73,Done,Sindhu,27-07-2026,1535,,,,9.19,,19.65,,,,12.53,24.57,27.03,44.22
3FO3GKDYYKR5,BSM004,22137 SUD,CAPPUCCION SUD,MERINOLAM,Solid Matt Finish,Inventory,Laminate,Matt,NoGrain,1,38.8,4.2,1242,8,4,110119,EBBSM004,Rehau,110119 CAPPUCCINO,6.75,9.71,0,20.76,0,0,13.24,25.96,28.56,46.73,Done,Sindhu,21-07-2026,1150,,,,9.19,,19.65,,,,12.53,24.57,27.03,44.22
3FO3GKE3N30K,BSM005,1522 SD,MUD,HERITAGE,Solid Matt Finish,Inventory,Laminate,Matt,NoGrain,1,41.8,4.2,1339,8,4,112354,EBBSM005,Rehau, 112354 TAUPE,6.75,9.71,0,20.76,0,0,13.24,25.96,28.56,46.73,Done,Sindhu,21-07-2026,1225,,,,9.19,,19.65,,,,12.53,24.57,27.03,44.22
3FO3GKDWBPPD,BSM006,274 SAT,PINENUT,GREENLAM,Solid Matt Finish,Inventory,Laminate,Matt,NoGrain,1,50.4,4.2,1612,8,4,75633,EBBSM006,Rehau, 75633 PINE NUT,6.75,9.71,0,20.76,0,0,13.24,25.96,28.56,46.73,Done,Sindhu,27-07-2026,1535,,,,9.19,,19.65,,,,12.53,24.57,27.03,44.22
3FO3GKAPFF64,YSM001,137 SAT,MUSTARD,GREENLAM,Solid Matt Finish,Inventory,Laminate,Matt,NoGrain,1,50.4,4.2,1612,8,4,112127,EBYSM001,Rehau,112127 MUSTARD,6.75,9.71,0,20.76,0,0,13.24,25.96,28.56,46.73,Done,Sindhu,27-07-2026,1535,,,,9.19,,19.65,,,,12.53,24.57,27.03,44.22
3FO3GKE7EM8W,YSM002,147 SUD,CAFE,GREENLAM,Solid Matt Finish,Inventory,Laminate,Matt,NoGrain,1,39.8,4.2,1272,8,4,112358,EBYSM002,Rehau,112358 CAFE,6.75,9.71,0,20.76,0,0,13.24,25.96,28.56,46.73,Done,Sindhu,27-07-2026,1205 ,,,,9.19,,19.65,,,,12.53,24.57,27.03,44.22
3FO3GKE6S1KG,GRSM001,CRY-1174 MT,CRYSTAL MATTY +,ROYAL TOUCHE,Solid Matt Finish,Inventory,Laminate,Matt,NoGrain,1.25,82.1,4.2,2627,8,4,1174,EBGRSM001,Rehau,MATTY 1174,6.75,0,0,0,28.48,0,0,0,0,0,Done,Sindhu,21-07-2026,1930,Local ,,,,,,,31,,,,,
3FO3GKB4IDIJ,RSM001,SM-129,SM,ROYAL TOUCHE,Solid Matt Finish,Inventory,Laminate,Matt,NoGrain,1,48.6,4.2,1555,8,4,75705,EBRSM001,Rehau,75705 IRISH CREAM,6.75,9.71,0,20.76,0,0,13.24,25.96,28.56,46.73,Done,Sindhu,21-07-2026,1510,Local ,,,9.19,,19.65,,,,12.53,24.57,27.03,44.22
3FO3GKAX91FX,WSG001,107 SHGL,SHGL,GREENLAM,Solid Gloss Finish,Inventory,Laminate,Glossy,NoGrain,1,50.3,4.2,1610,8,4,75638,EBWSG001,Rehau,75638 WHITE III (SHGL),6.75,0,0,0,28.54,0,0,0,0,0,Done,Sindhu,27-07-2026,1564,,,,,,,,27.01,,,,,
3FO3GKAOVBFE,GSG001,21069 MR+,SILVERY GREY,MERINOLAM,Solid Gloss Finish,Inventory,Laminate,Glossy,NoGrain,1,62.5,4.2,1999,8,4,75703,EBGSG001,Rehau, 75703 SILVER GREY (GLOSSY),6.75,0,0,0,28.54,0,0,0,0,0,Done,Sindhu,21-07-2026,1950,,,,,,,,27.01,,,,,
3FO3GKE6RTVE,BLSG001,22122 HGL,SHORE,MERINOLAM,Solid Gloss Finish,Inventory,Laminate,Glossy,NoGrain,1,44.8,4.2,1432,8,4,110173,EBBLSG001,Rehau,110173 (SHGL) SHORE,6.75,0,0,0,28.54,0,0,0,0,0,Done,Sindhu,21-07-2026,1400,,,,,,,,27.01,,,,,
3FO3GKE7EFJU,BLSG002,22102 MR+,TROOPER,MERINOLAM,Solid Gloss Finish,Inventory,Laminate,Glossy,NoGrain,1,62.5,4.2,1999,8,4,110203,EBBLSG002,Rehau,110203 (SHGL) TROOPER,6.75,0,0,0,28.54,0,0,0,0,0,Done,Sindhu,21-07-2026,1950,,,,,,,,27.01,,,,,
3FO3GKE3OESY,BLSG003,21022 MR+,MIDNIGHT BLUE,MERINOLAM,Solid Gloss Finish,Inventory,Laminate,Glossy,NoGrain,1,62.5,4.2,1999,8,4,75710,EBBLSG003,Rehau,75710 (SHGL) MIDNIGHT BLUE,6.75,0,0,0,28.54,0,0,0,0,0,Done,Sindhu,21-07-2026,1950,,,,,,,,27.01,,,,,
3FO3GKAR0G4K,RSG001,138 HDG,TERRACOTTA,GREENLAM,Solid Gloss Finish,Inventory,Laminate,Glossy,NoGrain,1,50.3,4.2,1610,8,4,112128,EBRSG001,Rehau,112128 (SHGL) TERRACOTTA,6.75,0,0,0,28.54,0,0,0,0,0,Done,Sindhu,27-07-2026,1564,,,,,,,,27.01,,,,,
3FO3GKDWX81S,BSG001,21037 MR+,BEIGE,MERINOLAM,Solid Gloss Finish,Inventory,Laminate,Glossy,NoGrain,1,62.5,4.2,1999,8,4,75622,EBBSG001,Rehau, 75622 (SHGL) BEIGE,6.75,0,0,0,28.54,0,0,0,0,0,Done,Sindhu,21-07-2026,1950,,,,,,,,27.01,,,,,
3FO3GKDWH2XY,BSG002,22137,CAPPUCCINO HGL,MERINOLAM,Solid Gloss Finish,Inventory,Laminate,Glossy,NoGrain,1,44.8,4.2,1432,8,4,110119,EBBSG002,Rehau,REHAU EB: 110119 RAUVISIO BRILLIANT CAPPUCCION (SHGL),6.75,0,0,0,28.54,0,0,0,0,0,Done,Sindhu,21-07-2026,1400,,,,,,,,27.01,,,,,
3FO3GKE9U86I,BSG003,21127,21127 HGL TAN,MERINOLAM,Solid Gloss Finish,Inventory,Laminate,Glossy,NoGrain,1,44.8,4.2,1432,8,4,75635,EBBSG003,Rehau,75635 (SHGL) TAN,6.75,0,0,0,28.54,0,0,0,0,0,Done,Sindhu,21-07-2026,1400,,,,,,,,27.01,,,,,
3FO3GKE1BAT4,BSG004,22119,HGL AUTUMN LEAF,MERINOLAM,Solid Gloss Finish,Inventory,Laminate,Glossy,NoGrain,1,44.8,4.2,1432,8,4,110161,EBBSG004,Rehau,110161 (SHGL) AUTUMN LEAF,6.75,0,0,0,28.54,0,0,0,0,0,Done,Sindhu,21-07-2026,1400,,,,,,,,27.01,,,,,
3FO3GKE6RQJD,YSG001,22017,MR+ PARAKEET,MERINOLAM,Solid Gloss Finish,Inventory,Laminate,Glossy,NoGrain,1,62.5,4.2,1999,8,4,110201,EBYSG001,Rehau, 110201 (SHGL) PARAKEET,6.75,0,0,0,28.54,0,0,0,0,0,Done,Sindhu,21-07-2026,1950,,,,,,,,27.01,,,,,
3FO3GKAQY4B6,VSG001,1541 PU,GREY VIOLET,HERITAGE,Solid Gloss Finish,Inventory,Laminate,Glossy,NoGrain,1,45.9,4.2,1470,8,4,333698,EBVSG001,Rehau,333698 - 008 591E ALUMINIUM,6.75,0,0,0,27.01,0,0,0,0,0,Done,Sindhu,21-07-2026,1400,,Edgeband need to update,,,,,,27.01,,,,,
3FO3GKE0U93B,ACRBK0p5,ACRBK0p5,White Acrylic Backer 0.5mm,YONGCHENG,Acrylic Backer,Inventory,Acrylic,Matt,NoGrain,0.5,28,8.2,896,8,4,NA,NA,NA,NA,0,0,0,0,0,0,0,0,0,0,Done,kesav,23-07-2026,515.3125,,,,,,,,,,,,,
3FO3GKE9N5QE,ACRBK1,ACRBK1,White Acrylic Backer 1mm,YONGCHENG,Acrylic Backer,Inventory,Acrylic,Matt,NoGrain,1,34.7,8.2,1110,8,4,NA,NA,NA,NA,0,0,0,0,0,0,0,0,0,0,Done,kesav,23-07-2026,1028.2,,,,,,,,,,,,,
3FO3GKE67ODD,ACRBK1p5,ACRBK1p5,White Acrylic Backer 1.5mm,YONGCHENG,Acrylic Backer,Inventory,Acrylic,Matt,NoGrain,1.5,51.7,8.2,1655,8,4,NA,NA,NA,NA,0,0,0,0,0,0,0,0,0,0,Done,kesav,23-07-2026,1542.3,,,,,,,,,,,,,
3FO3GKAXAJXE,ACRBK2,ACRBK2,White Acrylic Backer 2mm,YONGCHENG,Acrylic Backer,Inventory,Acrylic,Matt,NoGrain,2,69.4,8.2,2220,8,4,NA,NA,NA,NA,0,0,0,0,0,0,0,0,0,0,Done,kesav,23-07-2026,2056.4,,,,,,,,,,,,,
3FO3GKDUIR8J,US001,US001,ARGENTI,SILKENOR,Satin Finish,Inventory,Acrylic,NA,VertGrain,0.5,128.6,8.2,4114,8,4,33698 -008 591E,EBUS001,Sewon,ARGENTI,6.75,0,0,0,40,0,0,0,0,0,Done,kesav,23-07-2026,3918,,,,,,,,24.25,,,,,
3FO3GKE9SS13,US002,US002,SCANDIA,SILKENOR,Satin Finish,Inventory,Acrylic,NA,VertGrain,0.5,105.8,8.2,3384,8,4,321776-011,EBUS002,Sewon,SCANDIA,6.75,0,0,0,40,0,0,0,0,0,Done,Sindhu,24-07-2026,2386.3,,,,,,,,37.98,,,,,
3FO3GKAOSG4J,US003,US003,GRISEO,SILKENOR,Satin Finish,Inventory,Acrylic,NA,VertGrain,0.5,105.8,8.2,3384,8,4,GRISEO,EBUS003,Sewon,GRISEO,6.75,0,0,0,40,0,0,0,0,0,Done,Sindhu,24-07-2026,2386.3,,,,,,,,37.98,,,,,
3FO3GKAXSBUP,US004,US004,GRAPHEIN,SILKENOR,Satin Finish,Inventory,Acrylic,NA,VertGrain,0.5,105.8,8.2,3384,8,4,GRAPHEIN,EBUS004,Sewon,GRAPHEIN,6.75,0,0,0,40,0,0,0,0,0,Done,Sindhu,24-07-2026,2386.3,,,,,,,,37.98,,,,,
3FO3GKB296LU,US005,US005,PATINA,SILKENOR,Satin Finish,Inventory,Acrylic,NA,VertGrain,0.5,105.8,8.2,3384,8,4,PATINA,EBUS005,Sewon,PATINA,6.75,0,0,0,40,0,0,0,0,0,Done,Sindhu,24-07-2026,2386.3,,,,,,,,37.98,,,,,
3FO3GKAQX5UV,US006,US006,AURUM,SILKENOR,Satin Finish,Inventory,Acrylic,NA,VertGrain,0.5,105.8,8.2,3384,8,4,AURUM,EBUS006,Sewon,AURUM,6.75,0,0,0,40,0,0,0,0,0,Done,Sindhu,24-07-2026,2386.3,,,,,,,,37.98,,,,,
3FO3GKE61KDJ,US007,US007,CUPROUS,SILKENOR,Satin Finish,Inventory,Acrylic,NA,VertGrain,0.5,105.7,8.2,3381,8,4,CUPROUS,EBUS007,Sewon,CUPROUS,6.75,0,0,0,40,0,0,0,0,0,Done,Sindhu,24-07-2026,2386.3,,,,,,,,37.98,,,,,
3FO3GKEF9XP9,UM004,UM004,CAPPUCCINO,GLITZER,Solid Matt Finish,Inventory,Acrylic,Matt,VertGrain,1,135,8.2,4320,8,4,CAPPUCCINO,EBUM004,Sewon,CAPPUCCINO,6.75,0,0,0,40,0,0,0,0,0,Done,Sindhu,24-07-2026,2475.00,,,,,,,,37.98,,,,,
3FO3GKAPG08A,UM006,UM006,GRAPHITE,GLITZER,Solid Matt Finish,Inventory,Acrylic,Matt,VertGrain,1,81.3,8.2,2600,8,4,GRAPHITE,EBUM006,Sewon,GRAPHITE,6.75,0,0,0,40,0,0,0,0,0,Done,Sindhu,24-07-2026,2475.00,,,,,,,,37.98,,,,,
3FO3GKE1FVBH,UM008,UM008,SLATE,GLITZER,Solid Matt Finish,Inventory,Acrylic,Matt,VertGrain,1,81.3,8.2,2600,8,4,SLATE,EBUM008,Sewon,SLATE,6.75,0,0,0,40,0,0,0,0,0,Done,Sindhu,24-07-2026,2475.00,,,,,,,,37.98,,,,,
3FO3GKARJN7B,UM010,UM010,BURGUNDI,GLITZER,Solid Matt Finish,Inventory,Acrylic,Matt,VertGrain,1,81.3,8.2,2600,8,4,BURGUNDI,EBUM010,Sewon,BURGUNDI,6.75,0,0,0,40,0,0,0,0,0,Done,Sindhu,24-07-2026,2475.00,,,,,,,,37.98,,,,,
3FO3GKE9N93F,UG002,UG002,ALABASTER,GLITZER,Solid Gloss Finish,Inventory,Acrylic,Glossy,VertGrain,1,81.3,8.2,2600,8,4,112080 (SHGL),EBUG002,Sewon,ALABASTER,6.75,0,0,0,40,0,0,0,0,0,Done,Sindhu,24-07-2026,2475.00,,,,,,,,37.98,,,,,
3FO3GKAOSMSL,UG005,UG005,MOCHA,GLITZER,Solid Gloss Finish,Inventory,Acrylic,Glossy,VertGrain,1,81.3,8.2,2600,8,4,75633 PINE NUT (SHGL),EBUG005,Sewon,MOCHA,6.75,0,0,0,40,0,0,0,0,0,Done,Sindhu,24-07-2026,2475.00,,,,,,,,37.98,,,,,
3FO3GKECU7UW,UG008,UG008,SLATE,GLITZER,Solid Gloss Finish,Inventory,Acrylic,Glossy,VertGrain,1,81.3,8.2,2600,8,4,75734 (SHGL) DARK GREY - I,EBUG008,Sewon,SLATE,6.75,0,0,0,40,0,0,0,0,0,Done,Sindhu,24-07-2026,2475.00,,,,,,,,37.98,,,,,
3FO3GKAXU228,UG009,UG009,BLACK,GLITZER,Solid Gloss Finish,Inventory,Acrylic,Glossy,VertGrain,1,81.3,8.2,2600,8,4, 75617 (SHGL) BLACK,EBUG009,Sewon,BLACK,6.75,0,0,0,40,0,0,0,0,0,Done,Sindhu,24-07-2026,2475.00,,,,,,,,37.98,,,,,
3FO3GKECTQ5R,UGMT001,UGMT001,SILVER,GLITZER,Solid Gloss Finish,Inventory,Acrylic,Glossy,VertGrain,1,83.2,8.2,2662,8,4,SILVER,EBUGMT001,Sewon,SILVER,6.75,0,0,0,40,0,0,0,0,0,Done,Sindhu,24-07-2026,2585.00,,,,,,,,37.98,,,,,
3FO3GKE9740L,UGMT002,UGMT002,GOLD,GLITZER,Solid Gloss Finish,Inventory,Acrylic,Glossy,VertGrain,1,83.2,8.2,2662,8,4,GOLD,EBUGMT002,Sewon,GOLD,6.75,0,0,0,40,0,0,0,0,0,Done,Sindhu,24-07-2026,2585.00,,,,,,,,37.98,,,,,
3FO3GKAOV4QC,UGMT003,UGMT003,GRAPHITE,GLITZER,Solid Gloss Finish,Inventory,Acrylic,Glossy,VertGrain,1,83.2,8.2,2662,8,4, 418P (SHGL),EBUGMT003,Sewon,GRAPHITE,6.75,0,0,0,40,0,0,0,0,0,Done,Sindhu,24-07-2026,2585.00,,,,,,,,37.98,,,,,
3FO3GKEDCBE1,ES91613,ES91613,GRIDORA,DEXARD,Marble Finish,Inventory,Acrylic,Glossy,NoGrain,1.5,121.4,8.2,3884,8,4,UG009 Black glossy,EBES91613,Sewon,Gridora,6.75,0,0,0,40,0,0,0,0,0,Done,Sindhu,21-07-2026,3772,,,,,,,,,,,,,
3FO3GKE9OE7R,ES91615,ES91615,ECHOFORM,DEXARD,Marble Finish,Inventory,Acrylic,Glossy,NoGrain,1.5,121.4,8.2,3884,8,4,UG009 Black glossy,EBES91615,Sewon,EchoForm,6.75,0,0,0,40,0,0,0,0,0,Done,Sindhu,21-07-2026,3772,,,,,,,,,,,,,
3FO3GKEF7GRI,ES91630E,ES91630E,HEXA HUE,DEXARD,Marble Finish,Inventory,Acrylic,Glossy,NoGrain,1.5,121.4,8.2,3884,8,4,UG009 Black glossy,EBES91630E,Sewon,HexaHue,6.75,0,0,0,40,0,0,0,0,0,Done,Sindhu,21-07-2026,3772,,,,,,,,,,,,,
3FO3GKE3L2RY,ES91629E,ES91629E,MOSAIC MODE,DEXARD,Marble Finish,Inventory,Acrylic,Glossy,NoGrain,1.5,121.4,8.2,3884,8,4,UG009 Black glossy,EBES91629E,Sewon,MosaicMode,6.75,0,0,0,40,0,0,0,0,0,Done,Sindhu,21-07-2026,3772,,,,,,,,,,,,,
3FO3GKB4IK7L,ES91625E,ES91625E,FRACTA,DEXARD,Marble Finish,Inventory,Acrylic,Glossy,NoGrain,1.5,121.4,8.2,3884,8,4,C010,EBES91625E,Sidmark,Fracta,6.75,0,0,0,96,0,0,0,0,0,Done,Sindhu,21-07-2026,3772,,,,,,,,,,,,,
3FO3GKDWGV9W,ES91635,ES91635,TERRA TRAC,DEXARD,Marble Finish,Inventory,Acrylic,Glossy,NoGrain,1.5,121.4,8.2,3884,8,4,110207,EBES91635,Rehau,TerraTrac,6.75,0,0,0,27,0,0,0,0,0,Done,Sindhu,21-07-2026,3772,,,,,,,,,,,,,
3FO3GKDWBJ1B,ES91637,ES91637,BREEZE FORM,DEXARD,Marble Finish,Inventory,Acrylic,Glossy,NoGrain,1.5,121.4,8.2,3884,8,4,NY1103G,EBES91637,Ningyi,NY1103G,6.75,0,0,0,27,0,0,0,0,0,Done,Sindhu,21-07-2026,3772,,,,,,,,,,,,,
3FO3GKB29U12,ES91627,ES91627,STONE SONG,DEXARD,Marble Finish,Inventory,Acrylic,Glossy,NoGrain,1.5,121.4,8.2,3884,8,4,C:002 Super white,EBES91627,Rehau,BreezeForm,6.75,0,0,0,96,0,0,0,0,0,Done,Sindhu,21-07-2026,3772,,,,,,,,,,,,,
3FO3GKARHQBQ,ES91626,ES91626,BLOOM MESH,DEXARD,Marble Finish,Inventory,Acrylic,Glossy,NoGrain,1.5,121.4,8.2,3884,8,4,110207+HGL,EBES91626,,BloomMesh,6.75,0,0,0,23,0,0,0,0,0,Done,Sindhu,21-07-2026,3772,,,,,,,,,,,,,
3FO3GKDUIDUF,65689,65689,OCEAN BREEZE,PRINTECH KR,Anti Scratch,Inventory,Acrylic,Matt,NoGrain,0.5,42,8.2,1343,8,4,65689,EB65689,PRINTECH KR,65689,6.75,0,25,0,0,0,0,0,0,0,Done,kesav,23-07-2026,512.87,,,,,,,,24.25,,,,,
3FO3GKAOT7UR,66690,66690,LINEN SKY,PRINTECH KR,Anti Scratch,Inventory,Acrylic,Matt,NoGrain,0.5,42,8.2,1343,8,4,66690,EB66690,PRINTECH KR,66690,6.75,0,25,0,0,0,0,0,0,0,Done,kesav,23-07-2026,512.87,,,,,,,,24.25,,,,,
3FO3GKE9MO19,67691,67691,STONE MIST,PRINTECH KR,Anti Scratch,Inventory,Acrylic,Matt,NoGrain,0.5,42,8.2,1343,8,4,67691,EB67691,PRINTECH KR,67691,6.75,0,25,0,0,0,0,0,0,0,Done,kesav,23-07-2026,512.87,,,,,,,,24.25,,,,,
3FO3GKE0S5IO,67692,67692,CLOUD LOOM,PRINTECH KR,Anti Scratch,Inventory,Acrylic,Matt,NoGrain,0.5,42,8.2,1343,8,4,67692,EB67692,PRINTECH KR,67692,6.75,0,25,0,0,0,0,0,0,0,Done,kesav,23-07-2026,512.87,,,,,,,,24.25,,,,,
3FO3GKAQYL1B,NY1103G,NY1103G,WHISPER WHITE,NINGYI,Solid Gloss Finish,Inventory,Acrylic,Glossy,NoGrain,2,142.6,8.2,4564,8,4,NY1103G,EBNY1103G,Ningyi,NY1103G,6.75,0,0,0,23,0,0,0,0,0,Done,kesav,23-07-2026,3918,,,,,,,,24.25,,,,,
3FO3GKECQ43O,NY1106G,NY1106G,WARM BISCUIT,NINGYI,Solid Gloss Finish,Inventory,Acrylic,Glossy,NoGrain,2,142.6,8.2,4564,8,4,NY1106G,EBNY1106G,Ningyi,NY1106G,6.75,0,0,0,23,0,0,0,0,0,Done,kesav,23-07-2026,3918,,,,,,,,24.25,,,,,
3FO3GKB4J59R,NY1110G,NY1110G,PISTACHIO,NINGYI,Solid Gloss Finish,Inventory,Acrylic,Glossy,NoGrain,2,142.6,8.2,4564,8,4,NY1110G,EBNY1110G,Ningyi,NY1110G,6.75,0,0,0,23,0,0,0,0,0,Done,kesav,23-07-2026,3918,,,,,,,,24.25,,,,,
3FO3GBT38N67,NY1113G,NY1113G,GRAPHITE MIST,NINGYI,Solid Gloss Finish,Inventory,Acrylic,Glossy,NoGrain,2,142.6,8.2,4564,8,4,NY1113G,EBNY1113G,Ningyi,NY1113G,6.75,0,0,0,23,0,0,0,0,0,Done,kesav,23-07-2026,3918,,,,,,,,24.25,,,,,
3FO3GKB28LJO,NY1115G,NY1115G,GREY HAZE,NINGYI,Solid Gloss Finish,Inventory,Acrylic,Glossy,NoGrain,2,142.6,8.2,4564,8,4,NY1115G,EBNY1115G,Ningyi,NY1115G,6.75,0,0,0,23,0,0,0,0,0,Done,kesav,23-07-2026,3918,,,,,,,,24.25,,,,,
3FO3GBUOKQM0,NY1124G,NY1124G,MARIGOLD DUST,NINGYI,Solid Gloss Finish,Inventory,Acrylic,Glossy,NoGrain,2,142.6,8.2,4564,8,4,NY1124G,EBNY1124G,Ningyi,NY1124G,6.75,0,0,0,23,0,0,0,0,0,Done,kesav,23-07-2026,3918,,,,,,,,24.25,,,,,
3FO3GBUR4HVJ,NY1156G,NY1156G,AQUA LUSH,NINGYI,Solid Gloss Finish,Inventory,Acrylic,Glossy,NoGrain,2,142.6,8.2,4564,8,4,NY1156G,EBNY1156G,Ningyi,NY1156G,6.75,0,0,0,23,0,0,0,0,0,Done,kesav,23-07-2026,3918,,,,,,,,24.25,,,,,
3FO3GKB2B05E,NY1163G,NY1163G,IVORY DUST,NINGYI,Solid Gloss Finish,Inventory,Acrylic,Glossy,NoGrain,2,142.6,8.2,4564,8,4,NY1163G,EBNY1163G,Ningyi,NY1163G,6.75,0,0,0,23,0,0,0,0,0,Done,kesav,23-07-2026,3918,,,,,,,,24.25,,,,,
3FO3GBUYNJSI,NY1167G,NY1167G,POWDER BLUE,NINGYI,Solid Gloss Finish,Inventory,Acrylic,Glossy,NoGrain,2,142.6,8.2,4564,8,4,NY1167G,EBNY1167G,Ningyi,NY1167G,6.75,0,0,0,23,0,0,0,0,0,Done,kesav,23-07-2026,3918,,,,,,,,24.25,,,,,
3FO3GBUOKXB2,NY1169G,NY1169G,SILVER ASH,NINGYI,Solid Gloss Finish,Inventory,Acrylic,Glossy,NoGrain,2,142.6,8.2,4564,8,4,NY1169G,EBNY1169G,Ningyi,NY1169G,6.75,0,0,0,23,0,0,0,0,0,Done,kesav,23-07-2026,3918,,,,,,,,24.25,,,,,
3FO3GKECT63L,NY1176G,NY1176G,VELVET PLUM,NINGYI,Solid Gloss Finish,Inventory,Acrylic,Glossy,NoGrain,2,142.6,8.2,4564,8,4,NY1176G,EBNY1176G,Ningyi,NY1176G,6.75,0,0,0,23,0,0,0,0,0,Done,kesav,23-07-2026,3918,,,,,,,,24.25,,,,,
3FO3GBULQ7I8,NY1181G,NY1181G,MOONSTONE,NINGYI,Solid Gloss Finish,Inventory,Acrylic,Glossy,NoGrain,2,142.6,8.2,4564,8,4,NY1181G,EBNY1181G,Ningyi,NY1181G,6.75,0,0,0,23,0,0,0,0,0,Done,kesav,23-07-2026,3918,,,,,,,,24.25,,,,,
3FO3GKAX7B9F,MR001,S40.42.38.0025.000,DUST GREY PREMIER MATT PROTECTED,RENOLIT,Solid Matt Finish,Inventory,Membrane,Matt,NoGrain,0.3,244,6.17,7808,8,4,NA,NA,NA,NA,0,0,0,0,0,0,0,0,0,0,Done,kesav,23-07-2026,572.25,,,,,,,,,,,,,
3FO3GKE3NGDO,MR002,S40.42.38.0038.000,ONYX GREY PREMIER MATT PROTECTED,RENOLIT,Solid Matt Finish,Inventory,Membrane,Matt,NoGrain,0.3,244,6.17,7808,8,4,NA,NA,NA,NA,0,0,0,0,0,0,0,0,0,0,Done,kesav,23-07-2026,719.4,,,,,,,,,,,,,
3FO3GKE96WBJ,MR003,S40.42.38.0024.000,GRAPHITE PREMIER MATT PROTECTED,RENOLIT,Solid Matt Finish,Inventory,Membrane,Matt,NoGrain,0.3,244,6.17,7808,8,4,NA,NA,NA,NA,0,0,0,0,0,0,0,0,0,0,Done,kesav,23-07-2026,719.4,,,,,,,,,,,,,
3FO3GKAXQBN4,MR004,S40.42.38.0029.000,BLACK PREMIER MATT PROTECTED,RENOLIT,Solid Matt Finish,Inventory,Membrane,Matt,NoGrain,0.3,244,6.17,7808,8,4,NA,NA,NA,NA,0,0,0,0,0,0,0,0,0,0,Done,kesav,23-07-2026,719.4,,,,,,,,,,,,,
3FO3GKDYEBW3,MR005,S40.42.38.0027.000,CLAY GREY PREMIER MATT PROTECTED,RENOLIT,Solid Matt Finish,Inventory,Membrane,Matt,NoGrain,0.3,244,6.17,7808,8,4,NA,NA,NA,NA,0,0,0,0,0,0,0,0,0,0,Done,kesav,23-07-2026,719.4,,,,,,,,,,,,,
3FO3GKDWAKL1,MR007,S40.42.38.0039.000,INDIGO BLUE PREMIER MATT PROTECTED,RENOLIT,Solid Matt Finish,Inventory,Membrane,Matt,NoGrain,0.3,244,6.17,7808,8,4,NA,NA,NA,NA,0,0,0,0,0,0,0,0,0,0,Done,kesav,23-07-2026,719.4,,,,,,,,,,,,,
3FO3GKE697UT,MR008,S40.42.38.0064.000,TUSCAN RED PREMIER MATT PROTECTED,RENOLIT,Solid Matt Finish,Inventory,Membrane,Matt,NoGrain,0.3,244,6.17,7808,8,4,NA,NA,NA,NA,0,0,0,0,0,0,0,0,0,0,Done,kesav,23-07-2026,719.4,,,,,,,,,,,,,
3FO3GKARHX0S,MR009,S40.42.38.0075.000,FIR GREEN PREMIER MATT PROTECTED,RENOLIT,Solid Matt Finish,Inventory,Membrane,Matt,NoGrain,0.3,244,6.17,7808,8,4,NA,NA,NA,NA,0,0,0,0,0,0,0,0,0,0,Done,kesav,23-07-2026,719.4,,,,,,,,,,,,,
3FO3GKE0S26N,MR010,S40.40.03.0792.000,PLOVER SUEDETTE MATT CLASSIC,RENOLIT,Solid Matt Finish,Inventory,Membrane,Matt,NoGrain,0.3,244,6.17,7808,8,4,NA,NA,NA,NA,0,0,0,0,0,0,0,0,0,0,Done,kesav,23-07-2026,615.95,,,,,,,,,,,,,
3FO3GKE6V3KD,MR011,S40.40.03.0942.000,LIGHT GREY MODERN ASH CLASSIC,RENOLIT,Wooden Finish,Inventory,Membrane,Matt,VertGrain,0.3,244,6.17,7808,8,4,NA,NA,NA,NA,0,0,0,0,0,0,0,0,0,0,Done,kesav,23-07-2026,615.95,,,,,,,,,,,,,
3FO3GKE9TQGD,MR012,S40.43.14.0199.000,WHITE WASHED OAK 2 SC PREMIER,RENOLIT,Wooden Finish,Inventory,Membrane,Matt,VertGrain,0.3,244,6.17,7808,8,4,NA,NA,NA,NA,0,0,0,0,0,0,0,0,0,0,Done,kesav,23-07-2026,719.4,,,,,,,,,,,,,
3FO3GKAOXF01,MR013,S40.40.23.0021.000,CEMENT SUPERMATT CLASSIC,RENOLIT,Solid Matt Finish,Inventory,Membrane,Matt,NoGrain,0.3,244,6.17,7808,8,4,NA,NA,NA,NA,0,0,0,0,0,0,0,0,0,0,Done,kesav,23-07-2026,719.4,,,,,,,,,,,,,
3FO3GKE7DH4K,MR014,S40.42.03.0007.001,MELINGA WHITE PREMIER,RENOLIT,Wooden Finish,Inventory,Membrane,Matt,VertGrain,0.3,244,6.17,7808,8,4,NA,NA,NA,NA,0,0,0,0,0,0,0,0,0,0,Done,kesav,23-07-2026,719.4,,,,,,,,,,,,,
3FO3GKB54O5W,MR015,S40.43.4.0200.000,GLADSTONE OAK SAND SC PREMIER,RENOLIT,Wooden Finish,Inventory,Membrane,Matt,VertGrain,0.3,244,6.17,7808,8,4,NA,NA,NA,NA,0,0,0,0,0,0,0,0,0,0,Done,kesav,23-07-2026,719.4,,,,,,,,,,,,,
3FO3GKB2A1P4,MR016,S40.40.04.0903.000,PACIFIC A CLASSIC,RENOLIT,Wooden Finish,Inventory,Membrane,Matt,VertGrain,0.3,244,6.17,7808,8,4,NA,NA,NA,NA,0,0,0,0,0,0,0,0,0,0,Done,kesav,23-07-2026,719.4,,,,,,,,,,,,,
3FO3GKE0TKO4,MS001,S40.40.13.0002.000,SAND SATIN,RENOLIT,Solid Matt Finish,Inventory,Membrane,Matt,NoGrain,0.3,244,6.17,7808,8,4,NA,NA,NA,NA,0,0,0,0,0,0,0,0,0,0,Done,kesav,23-07-2026,719.4,,,,,,,,,,,,,
3FO3GKE7EIVV,MS002,S40.42.38.0026.000,CUBAINT GREY PREMIER MATT,RENOLIT,Solid Matt Finish,Inventory,Membrane,Matt,NoGrain,0.3,244,6.17,7808,8,4,NA,NA,NA,NA,0,0,0,0,0,0,0,0,0,0,Done,kesav,23-07-2026,719.4,,,,,,,,,,,,,
3FO3GKE1CMMI,MS003,S40.42.38.0023.000,HIGHLAND GREEN PREMIER MATT,RENOLIT,Solid Matt Finish,Inventory,Membrane,Matt,NoGrain,0.3,244,6.17,7808,8,4,NA,NA,NA,NA,0,0,0,0,0,0,0,0,0,0,Done,kesav,23-07-2026,719.4,,,,,,,,,,,,,
3FO3GKE7E5IR,MS004,S40.42.38.0016.000,TAUPE GREY PREMIER MATT,RENOLIT,Solid Matt Finish,Inventory,Membrane,Matt,NoGrain,0.3,244,6.17,7808,8,4,NA,NA,NA,NA,0,0,0,0,0,0,0,0,0,0,Done,kesav,23-07-2026,719.4,,,,,,,,,,,,,
3FO3GKE3M4KA,MS005,S40.42.38.0017.000,STONE GREY PREMIER MATT,RENOLIT,Solid Matt Finish,Inventory,Membrane,Matt,NoGrain,0.3,244,6.17,7808,8,4,NA,NA,NA,NA,0,0,0,0,0,0,0,0,0,0,Done,kesav,23-07-2026,719.4,,,,,,,,,,,,,
3FO3GKDWF9FF,MS006,S40.40.04.0346.000,MOLDAU ACACIA LIGHT,RENOLIT,Wooden Finish,Inventory,Membrane,Matt,VertGrain,0.3,244,6.17,7808,8,4,NA,NA,NA,NA,0,0,0,0,0,0,0,0,0,0,Done,kesav,23-07-2026,719.4,,,,,,,,,,,,,
3FO3GKE6VA9F,MS007,S40.42.38.0018.000,PREMIUM WHITE PREMIER MATT,RENOLIT,Solid Matt Finish,Inventory,Membrane,Matt,NoGrain,0.3,244,6.17,7808,8,4,NA,NA,NA,NA,0,0,0,0,0,0,0,0,0,0,Done,kesav,23-07-2026,683.45,,,,,,,,,,,,,
3FO3GKDUIUKK,MS008,S40.40.04.0904.000,PACIFIC B,RENOLIT,Wooden Finish,Inventory,Membrane,Matt,VertGrain,0.3,244,6.17,7808,8,4,NA,NA,NA,NA,0,0,0,0,0,0,0,0,0,0,Done,kesav,23-07-2026,615.95,,,,,,,,,,,,,
3FO3FQRXBBHT,RAL9003MT,RAL9003,Signal White,Asian Paints,Solid Matt Finish,Inventory,Paint,Matt,NoGrain,0.3,244,0,7808,8,4,NA,NA,NA,NA,0,0,0,0,0,0,0,0,0,0,,,,,,,,,,,,,,,,,
3FO3FQS1AWT4,RAL9016MT,RAL9016,Traffic White,Asian Paints,Solid Matt Finish,Inventory,Paint,Matt,NoGrain,0.3,244,0,7808,8,4,NA,NA,NA,NA,0,0,0,0,0,0,0,0,0,0,,,,,,,,,,,,,,,,,
3FO3FQR6TCTL,PU5112MT,PU5112,Alpine White,Asian Paints,Solid Matt Finish,Inventory,Paint,Matt,NoGrain,0.3,244,0,7808,8,4,NA,NA,NA,NA,0,0,0,0,0,0,0,0,0,0,,,,,,,,,,,,,,,,,
3FO3FQS19V1S,PU0351MT,PU0351,Paper White,Asian Paints,Solid Matt Finish,Inventory,Paint,Matt,NoGrain,0.3,244,0,7808,8,4,NA,NA,NA,NA,0,0,0,0,0,0,0,0,0,0,,,,,,,,,,,,,,,,,
3FO3FQR4KWO5,PU0466MT,PU0466,Pure Linen,Asian Paints,Solid Matt Finish,Inventory,Paint,Matt,NoGrain,0.3,244,0,7808,8,4,NA,NA,NA,NA,0,0,0,0,0,0,0,0,0,0,,,,,,,,,,,,,,,,,
3FO3FQROWJOY,PU0348MT,PU0348,Glacier White,Asian Paints,Solid Matt Finish,Inventory,Paint,Matt,NoGrain,0.3,244,0,7808,8,4,NA,NA,NA,NA,0,0,0,0,0,0,0,0,0,0,,,,,,,,,,,,,,,,,
3FO3FQSDWNY8,PU5120MT,PU5120,Partridge White,Asian Paints,Solid Matt Finish,Inventory,Paint,Matt,NoGrain,0.3,244,0,7808,8,4,NA,NA,NA,NA,0,0,0,0,0,0,0,0,0,0,,,,,,,,,,,,,,,,,
3FO3FQNYCSFA,PU0476MT,PU0476,Ivory,Asian Paints,Solid Matt Finish,Inventory,Paint,Matt,NoGrain,0.3,244,0,7808,8,4,NA,NA,NA,NA,0,0,0,0,0,0,0,0,0,0,,,,,,,,,,,,,,,,,
3FO3FQS90SOT,RAL9010MT,RAL9010,Pure White,Asian Paints,Solid Matt Finish,Inventory,Paint,Matt,NoGrain,0.3,244,0,7808,8,4,NA,NA,NA,NA,0,0,0,0,0,0,0,0,0,0,,,,,,,,,,,,,,,,,
3FO3FQR4G25O,PU0341MT,PU0341,Burnt Custard,Asian Paints,Solid Matt Finish,Inventory,Paint,Matt,NoGrain,0.3,244,0,7808,8,4,NA,NA,NA,NA,0,0,0,0,0,0,0,0,0,0,,,,,,,,,,,,,,,,,
3FO3FQR7OTGP,PU0342MT,PU0342,Skinned Bark,Asian Paints,Solid Matt Finish,Inventory,Paint,Matt,NoGrain,0.3,244,0,7808,8,4,NA,NA,NA,NA,0,0,0,0,0,0,0,0,0,0,,,,,,,,,,,,,,,,,
3FO3FQR6SHQC,PU0343MT,PU0343,Custard Blush,Asian Paints,Solid Matt Finish,Inventory,Paint,Matt,NoGrain,0.3,244,0,7808,8,4,NA,NA,NA,NA,0,0,0,0,0,0,0,0,0,0,,,,,,,,,,,,,,,,,
3FO3FQR4KMN2,PU0344MT,PU0344,Pollen Dust,Asian Paints,Solid Matt Finish,Inventory,Paint,Matt,NoGrain,0.3,244,0,7808,8,4,NA,NA,NA,NA,0,0,0,0,0,0,0,0,0,0,,,,,,,,,,,,,,,,,
3FO3FQRMOVAQ,PU0462MT,PU0462,Mix White,Asian Paints,Solid Matt Finish,Inventory,Paint,Matt,NoGrain,0.3,244,0,7808,8,4,NA,NA,NA,NA,0,0,0,0,0,0,0,0,0,0,,,,,,,,,,,,,,,,,
3FO3FQSA4B7C,PU0459MT,PU0459,Floor Tile,Asian Paints,Solid Matt Finish,Inventory,Paint,Matt,NoGrain,0.3,244,0,7808,8,4,NA,NA,NA,NA,0,0,0,0,0,0,0,0,0,0,,,,,,,,,,,,,,,,,
3FO3FQS78W0B,PU8106MT,PU8106,Smooth Souffle,Asian Paints,Solid Matt Finish,Inventory,Paint,Matt,NoGrain,0.3,244,0,7808,8,4,NA,NA,NA,NA,0,0,0,0,0,0,0,0,0,0,,,,,,,,,,,,,,,,,
3FO3FQS90W1U,RAL8002MT,RAL8002,Signal Brown,Asian Paints,Solid Matt Finish,Inventory,Paint,Matt,NoGrain,0.3,244,0,7808,8,4,NA,NA,NA,NA,0,0,0,0,0,0,0,0,0,0,,,,,,,,,,,,,,,,,
3FO3FQNYDU7L,PU5115MT,PU5115,Camel,Asian Paints,Solid Matt Finish,Inventory,Paint,Matt,NoGrain,0.3,244,0,7808,8,4,NA,NA,NA,NA,0,0,0,0,0,0,0,0,0,0,,,,,,,,,,,,,,,,,
3FO3FQSDV24Q,RAL1013MT,RAL1013,Oyster White,Asian Paints,Solid Matt Finish,Inventory,Paint,Matt,NoGrain,0.3,244,0,7808,8,4,NA,NA,NA,NA,0,0,0,0,0,0,0,0,0,0,,,,,,,,,,,,,,,,,
3FO3FQO1MUF8,RAL9001MT,RAL9001,Cream,Asian Paints,Solid Matt Finish,Inventory,Paint,Matt,NoGrain,0.3,244,0,7808,8,4,NA,NA,NA,NA,0,0,0,0,0,0,0,0,0,0,,,,,,,,,,,,,,,,,
3FO3FQR7N0X6,PU0460MT,PU0460,Shining Sand,Asian Paints,Solid Matt Finish,Inventory,Paint,Matt,NoGrain,0.3,244,0,7808,8,4,NA,NA,NA,NA,0,0,0,0,0,0,0,0,0,0,,,,,,,,,,,,,,,,,
3FO3FQS47KHI,PU5119MT,PU5119,Rough Yellow,Asian Paints,Solid Matt Finish,Inventory,Paint,Matt,NoGrain,0.3,244,0,7808,8,4,NA,NA,NA,NA,0,0,0,0,0,0,0,0,0,0,,,,,,,,,,,,,,,,,
3FO3FQSDW793,RAL1002MT,RAL1002,Sand Yellow,Asian Paints,Solid Matt Finish,Inventory,Paint,Matt,NoGrain,0.3,244,0,7808,8,4,NA,NA,NA,NA,0,0,0,0,0,0,0,0,0,0,,,,,,,,,,,,,,,,,
3FO3FQS913PW,PU8080MT,PU8080,Tan Yellow,Asian Paints,Solid Matt Finish,Inventory,Paint,Matt,NoGrain,0.3,244,0,7808,8,4,NA,NA,NA,NA,0,0,0,0,0,0,0,0,0,0,,,,,,,,,,,,,,,,,
3FO3FQR6T2SI,PU5127MT,PU5127,Mustard Yellow,Asian Paints,Solid Matt Finish,Inventory,Paint,Matt,NoGrain,0.3,244,0,7808,8,4,NA,NA,NA,NA,0,0,0,0,0,0,0,0,0,0,,,,,,,,,,,,,,,,,
3FO3FQR9N1U4,PU8095MT,PU8095,Green Yellow,Asian Paints,Solid Matt Finish,Inventory,Paint,Matt,NoGrain,0.3,244,0,7808,8,4,NA,NA,NA,NA,0,0,0,0,0,0,0,0,0,0,,,,,,,,,,,,,,,,,
3FO3FQO1M0BY,RAL8000MT,RAL8000,Green Brown,Asian Paints,Solid Matt Finish,Inventory,Paint,Matt,NoGrain,0.3,244,0,7808,8,4,NA,NA,NA,NA,0,0,0,0,0,0,0,0,0,0,,,,,,,,,,,,,,,,,
3FO3FQR4GC6R,PU0352MT,PU0352,Chalk White,Asian Paints,Solid Matt Finish,Inventory,Paint,Matt,NoGrain,0.3,244,0,7808,8,4,NA,NA,NA,NA,0,0,0,0,0,0,0,0,0,0,,,,,,,,,,,,,,,,,
3FO3FQS48WAW,RAL7032MT,RAL7032,Pebble Grey,Asian Paints,Solid Matt Finish,Inventory,Paint,Matt,NoGrain,0.3,244,0,7808,8,4,NA,NA,NA,NA,0,0,0,0,0,0,0,0,0,0,,,,,,,,,,,,,,,,,
3FO3FQR4LL3C,PU5123MT,PU5123,Pale Ginger,Asian Paints,Solid Matt Finish,Inventory,Paint,Matt,NoGrain,0.3,244,0,7808,8,4,NA,NA,NA,NA,0,0,0,0,0,0,0,0,0,0,,,,,,,,,,,,,,,,,
3FO3FQROVOLP,PU5124MT,PU5124,Jersey Gery,Asian Paints,Solid Matt Finish,Inventory,Paint,Matt,NoGrain,0.3,244,0,7808,8,4,NA,NA,NA,NA,0,0,0,0,0,0,0,0,0,0,,,,,,,,,,,,,,,,,
3FO3FQR4L116,PU0357MT,PU0357,Saw Dust,Asian Paints,Solid Matt Finish,Inventory,Paint,Matt,NoGrain,0.3,244,0,7808,8,4,NA,NA,NA,NA,0,0,0,0,0,0,0,0,0,0,,,,,,,,,,,,,,,,,
3FO3FQR9XCY7,PU5125MT,PU5125,Mild Grey,Asian Paints,Solid Matt Finish,Inventory,Paint,Matt,NoGrain,0.3,244,0,7808,8,4,NA,NA,NA,NA,0,0,0,0,0,0,0,0,0,0,,,,,,,,,,,,,,,,,
3FO3FQS47UIL,PU0358MT,PU0358,Safari,Asian Paints,Solid Matt Finish,Inventory,Paint,Matt,NoGrain,0.3,244,0,7808,8,4,NA,NA,NA,NA,0,0,0,0,0,0,0,0,0,0,,,,,,,,,,,,,,,,,
3FO3FQR7MT94,RAL6013MT,RAL6013,Reed Green,Asian Paints,Solid Matt Finish,Inventory,Paint,Matt,NoGrain,0.3,244,0,7808,8,4,NA,NA,NA,NA,0,0,0,0,0,0,0,0,0,0,,,,,,,,,,,,,,,,,
3FO3FQRG8A3Y,PU5130MT,PU5130,English Brown,Asian Paints,Solid Matt Finish,Inventory,Paint,Matt,NoGrain,0.3,244,0,7808,8,4,NA,NA,NA,NA,0,0,0,0,0,0,0,0,0,0,,,,,,,,,,,,,,,,,
3FO3FQNYD04C,RAL7008MT,RAL7008,Khaki Grey,Asian Paints,Solid Matt Finish,Inventory,Paint,Matt,NoGrain,0.3,244,0,7808,8,4,NA,NA,NA,NA,0,0,0,0,0,0,0,0,0,0,,,,,,,,,,,,,,,,,
3FO3FQR9NP9B,RAL7006MT,RAL7006,Beige Grey,Asian Paints,Solid Matt Finish,Inventory,Paint,Matt,NoGrain,0.3,244,0,7808,8,4,NA,NA,NA,NA,0,0,0,0,0,0,0,0,0,0,,,,,,,,,,,,,,,,,
3FO3FQRXBYW1,PU8083MT,PU8083,Pale Ash,Asian Paints,Solid Matt Finish,Inventory,Paint,Matt,NoGrain,0.3,244,0,7808,8,4,NA,NA,NA,NA,0,0,0,0,0,0,0,0,0,0,,,,,,,,,,,,,,,,,
3FO3FQSA44IA,RAL7033MT,RAL7033,Cement Grey,Asian Paints,Solid Matt Finish,Inventory,Paint,Matt,NoGrain,0.3,244,0,7808,8,4,NA,NA,NA,NA,0,0,0,0,0,0,0,0,0,0,,,,,,,,,,,,,,,,,
3FO3FQR7NL0C,PU0366MT,PU0366,Native Green,Asian Paints,Solid Matt Finish,Inventory,Paint,Matt,NoGrain,0.3,244,0,7808,8,4,NA,NA,NA,NA,0,0,0,0,0,0,0,0,0,0,,,,,,,,,,,,,,,,,
3FO3FQR4IJ3F,RAL7003MT,RAL7003,Moss Grey,Asian Paints,Solid Matt Finish,Inventory,Paint,Matt,NoGrain,0.3,244,0,7808,8,4,NA,NA,NA,NA,0,0,0,0,0,0,0,0,0,0,,,,,,,,,,,,,,,,,
3FO3FQSA682W,PU0359MT,PU0359,Green Valley,Asian Paints,Solid Matt Finish,Inventory,Paint,Matt,NoGrain,0.3,244,0,7808,8,4,NA,NA,NA,NA,0,0,0,0,0,0,0,0,0,0,,,,,,,,,,,,,,,,,
3FO3FQRAREFV,RAL7010MT,RAL7010,Tarpaulin Grey,Asian Paints,Solid Matt Finish,Inventory,Paint,Matt,NoGrain,0.3,244,0,7808,8,4,NA,NA,NA,NA,0,0,0,0,0,0,0,0,0,0,,,,,,,,,,,,,,,,,
3FO3FQSA4EJD,PU8002MT,PU8002,Creamy Clouds,Asian Paints,Solid Matt Finish,Inventory,Paint,Matt,NoGrain,0.3,244,0,7808,8,4,NA,NA,NA,NA,0,0,0,0,0,0,0,0,0,0,,,,,,,,,,,,,,,,,
3FO3FQNYF0BX,PU5009MT,PU5009,Light Yellow,Asian Paints,Solid Matt Finish,Inventory,Paint,Matt,NoGrain,0.3,244,0,7808,8,4,NA,NA,NA,NA,0,0,0,0,0,0,0,0,0,0,,,,,,,,,,,,,,,,,
3FO3FQNYEPAU,PU5008MT,PU5008,Light Cream,Asian Paints,Solid Matt Finish,Inventory,Paint,Matt,NoGrain,0.3,244,0,7808,8,4,NA,NA,NA,NA,0,0,0,0,0,0,0,0,0,0,,,,,,,,,,,,,,,,,
3FO3FQR4MTJP,PU0446MT,PU0446,Vanilla,Asian Paints,Solid Matt Finish,Inventory,Paint,Matt,NoGrain,0.3,244,0,7808,8,4,NA,NA,NA,NA,0,0,0,0,0,0,0,0,0,0,,,,,,,,,,,,,,,,,
3FO3FQRG5VI9,PU5132MT,PU5132,Amber Yellow,Asian Paints,Solid Matt Finish,Inventory,Paint,Matt,NoGrain,0.3,244,0,7808,8,4,NA,NA,NA,NA,0,0,0,0,0,0,0,0,0,0,,,,,,,,,,,,,,,,,
3FO3FQS78SNA,PU8079MT,PU8079,Sugar Clay,Asian Paints,Solid Matt Finish,Inventory,Paint,Matt,NoGrain,0.3,244,0,7808,8,4,NA,NA,NA,NA,0,0,0,0,0,0,0,0,0,0,,,,,,,,,,,,,,,,,
3FO3FQR7OQ4O,PU0354MT,PU0354,Summer Tan,Asian Paints,Solid Matt Finish,Inventory,Paint,Matt,NoGrain,0.3,244,0,7808,8,4,NA,NA,NA,NA,0,0,0,0,0,0,0,0,0,0,,,,,,,,,,,,,,,,,
3FO3FQSDVW80,PU0356MT,PU0356,Salt Pepper,Asian Paints,Solid Matt Finish,Inventory,Paint,Matt,NoGrain,0.3,244,0,7808,8,4,NA,NA,NA,NA,0,0,0,0,0,0,0,0,0,0,,,,,,,,,,,,,,,,,
3FO3FQSA6OS2,RAL1019MT,RAL1019,Grey Beige,Asian Paints,Solid Matt Finish,Inventory,Paint,Matt,NoGrain,0.3,244,0,7808,8,4,NA,NA,NA,NA,0,0,0,0,0,0,0,0,0,0,,,,,,,,,,,,,,,,,
3FO3FQSAXQ25,RAL1018MT,RAL1018,Zinc Yellow,Asian Paints,Solid Matt Finish,Inventory,Paint,Matt,NoGrain,0.3,244,0,7808,8,4,NA,NA,NA,NA,0,0,0,0,0,0,0,0,0,0,,,,,,,,,,,,,,,,,
3FO3FQSD3J5I,RAL1012MT,RAL1012,Lemon Yellow,Asian Paints,Solid Matt Finish,Inventory,Paint,Matt,NoGrain,0.3,244,0,7808,8,4,NA,NA,NA,NA,0,0,0,0,0,0,0,0,0,0,,,,,,,,,,,,,,,,,
3FO3FQR7NV1F,PU5006MT,PU5006,Ochre,Asian Paints,Solid Matt Finish,Inventory,Paint,Matt,NoGrain,0.3,244,0,7808,8,4,NA,NA,NA,NA,0,0,0,0,0,0,0,0,0,0,,,,,,,,,,,,,,,,,
3FO3FQRAR4ES,RAL1003MT,RAL1003,Signal Yellow,Asian Paints,Solid Matt Finish,Inventory,Paint,Matt,NoGrain,0.3,244,0,7808,8,4,NA,NA,NA,NA,0,0,0,0,0,0,0,0,0,0,,,,,,,,,,,,,,,,,
3FO3FQROVEKM,RAL1005MT,RAL1005,Honey Yellow,Asian Paints,Solid Matt Finish,Inventory,Paint,Matt,NoGrain,0.3,244,0,7808,8,4,NA,NA,NA,NA,0,0,0,0,0,0,0,0,0,0,,,,,,,,,,,,,,,,,
3FO3FQS4827N,PU5133MT,PU5133,Sienna,Asian Paints,Solid Matt Finish,Inventory,Paint,Matt,NoGrain,0.3,244,0,7808,8,4,NA,NA,NA,NA,0,0,0,0,0,0,0,0,0,0,,,,,,,,,,,,,,,,,
3FO3FQR7MMK2,PU8004MT,PU8004,Pebble Peach,Asian Paints,Solid Matt Finish,Inventory,Paint,Matt,NoGrain,0.3,244,0,7808,8,4,NA,NA,NA,NA,0,0,0,0,0,0,0,0,0,0,,,,,,,,,,,,,,,,,
3FO3FQRAP0U6,RAL1034MT,RAL1034,Pastel Yellow,Asian Paints,Solid Matt Finish,Inventory,Paint,Matt,NoGrain,0.3,244,0,7808,8,4,NA,NA,NA,NA,0,0,0,0,0,0,0,0,0,0,,,,,,,,,,,,,,,,,
3FO3FQR4LOFD,PU5017MT,PU5017,Oxide Yellow,Asian Paints,Solid Matt Finish,Inventory,Paint,Matt,NoGrain,0.3,244,0,7808,8,4,NA,NA,NA,NA,0,0,0,0,0,0,0,0,0,0,,,,,,,,,,,,,,,,,
3FO3FQS910DV,PU8016MT,PU8016,Rusty Peach,Asian Paints,Solid Matt Finish,Inventory,Paint,Matt,NoGrain,0.3,244,0,7808,8,4,NA,NA,NA,NA,0,0,0,0,0,0,0,0,0,0,,,,,,,,,,,,,,,,,
3FO3FQS1B4I6,RAL2000MT,RAL2000,Yellow Orange,Asian Paints,Solid Matt Finish,Inventory,Paint,Matt,NoGrain,0.3,244,0,7808,8,4,NA,NA,NA,NA,0,0,0,0,0,0,0,0,0,0,,,,,,,,,,,,,,,,,
3FO3FQSAWUXV,PU0458MT,PU0458,Pristine Cream,Asian Paints,Solid Matt Finish,Inventory,Paint,Matt,NoGrain,0.3,244,0,7808,8,4,NA,NA,NA,NA,0,0,0,0,0,0,0,0,0,0,,,,,,,,,,,,,,,,,
3FO3FQRMQ1F3,PU5014MT,PU5014,Larch,Asian Paints,Solid Matt Finish,Inventory,Paint,Matt,NoGrain,0.3,244,0,7808,8,4,NA,NA,NA,NA,0,0,0,0,0,0,0,0,0,0,,,,,,,,,,,,,,,,,
3FO3FQR4KQ03,PU8010MT,PU8010,Peanyt Cream,Asian Paints,Solid Matt Finish,Inventory,Paint,Matt,NoGrain,0.3,244,0,7808,8,4,NA,NA,NA,NA,0,0,0,0,0,0,0,0,0,0,,,,,,,,,,,,,,,,,
3FO3FQRXCJY7,PU8011MT,PU8011,Rosy Peach,Asian Paints,Solid Matt Finish,Inventory,Paint,Matt,NoGrain,0.3,244,0,7808,8,4,NA,NA,NA,NA,0,0,0,0,0,0,0,0,0,0,,,,,,,,,,,,,,,,,
3FO3FQS18T9H,PU8013MT,PU8013,Preachy Peach,Asian Paints,Solid Matt Finish,Inventory,Paint,Matt,NoGrain,0.3,244,0,7808,8,4,NA,NA,NA,NA,0,0,0,0,0,0,0,0,0,0,,,,,,,,,,,,,,,,,
3FO3FQSD2Y3C,RAL3012MT,RAL3012,Beige Red,Asian Paints,Solid Matt Finish,Inventory,Paint,Matt,NoGrain,0.3,244,0,7808,8,4,NA,NA,NA,NA,0,0,0,0,0,0,0,0,0,0,,,,,,,,,,,,,,,,,
3FO3FQRIRVGR,PU8025MT,PU8025,Blushed Magenta,Asian Paints,Solid Matt Finish,Inventory,Paint,Matt,NoGrain,0.3,244,0,7808,8,4,NA,NA,NA,NA,0,0,0,0,0,0,0,0,0,0,,,,,,,,,,,,,,,,,
3FO3FQSAWO9T,PU8026MT,PU8026,Pinched Magenta,Asian Paints,Solid Matt Finish,Inventory,Paint,Matt,NoGrain,0.3,244,0,7808,8,4,NA,NA,NA,NA,0,0,0,0,0,0,0,0,0,0,,,,,,,,,,,,,,,,,
3FO3FQSDX91E,RAL4002MT,RAL4002,Red Violet,Asian Paints,Solid Matt Finish,Inventory,Paint,Matt,NoGrain,0.3,244,0,7808,8,4,NA,NA,NA,NA,0,0,0,0,0,0,0,0,0,0,,,,,,,,,,,,,,,,,
3FO3FQS194AK,PU8023MT,PU8023,Royal pink,Asian Paints,Solid Matt Finish,Inventory,Paint,Matt,NoGrain,0.3,244,0,7808,8,4,NA,NA,NA,NA,0,0,0,0,0,0,0,0,0,0,,,,,,,,,,,,,,,,,
3FO3FQRG83EW,PU5041MT,PU5041,Burgundy,Asian Paints,Solid Matt Finish,Inventory,Paint,Matt,NoGrain,0.3,244,0,7808,8,4,NA,NA,NA,NA,0,0,0,0,0,0,0,0,0,0,,,,,,,,,,,,,,,,,
3FO3FQS1A2PU,PU5023MT,PU5023,Pink,Asian Paints,Solid Matt Finish,Inventory,Paint,Matt,NoGrain,0.3,244,0,7808,8,4,NA,NA,NA,NA,0,0,0,0,0,0,0,0,0,0,,,,,,,,,,,,,,,,,
3FO3FQNYDQUK,PU5033MT,PU5033,Candid Pink,Asian Paints,Solid Matt Finish,Inventory,Paint,Matt,NoGrain,0.3,244,0,7808,8,4,NA,NA,NA,NA,0,0,0,0,0,0,0,0,0,0,,,,,,,,,,,,,,,,,
3FO3FQS91NS3,PU5043MT,PU5043,Pastel Rose,Asian Paints,Solid Matt Finish,Inventory,Paint,Matt,NoGrain,0.3,244,0,7808,8,4,NA,NA,NA,NA,0,0,0,0,0,0,0,0,0,0,,,,,,,,,,,,,,,,,
3FO3FQSA6LG1,RAL3015MT,RAL3015,Light Pink,Asian Paints,Solid Matt Finish,Inventory,Paint,Matt,NoGrain,0.3,244,0,7808,8,4,NA,NA,NA,NA,0,0,0,0,0,0,0,0,0,0,,,,,,,,,,,,,,,,,
3FO3FQRG66JC,RAL3014MT,RAL3014,Antique Pink,Asian Paints,Solid Matt Finish,Inventory,Paint,Matt,NoGrain,0.3,244,0,7808,8,4,NA,NA,NA,NA,0,0,0,0,0,0,0,0,0,0,,,,,,,,,,,,,,,,,
3FO3FQR4L4D7,RAL3022MT,RAL3022,Salmon Pink,Asian Paints,Solid Matt Finish,Inventory,Paint,Matt,NoGrain,0.3,244,0,7808,8,4,NA,NA,NA,NA,0,0,0,0,0,0,0,0,0,0,,,,,,,,,,,,,,,,,
3FO3FQRAQ2MH,RAL2002MT,RAL2002,Vermillion,Asian Paints,Solid Matt Finish,Inventory,Paint,Matt,NoGrain,0.3,244,0,7808,8,4,NA,NA,NA,NA,0,0,0,0,0,0,0,0,0,0,,,,,,,,,,,,,,,,,
3FO3FQO1MNQ6,PU0323MT,PU0323,Code Red,Asian Paints,Solid Matt Finish,Inventory,Paint,Matt,NoGrain,0.3,244,0,7808,8,4,NA,NA,NA,NA,0,0,0,0,0,0,0,0,0,0,,,,,,,,,,,,,,,,,
3FO3FQR4IMFG,PU0438MT,PU0438,Moody Red,Asian Paints,Solid Matt Finish,Inventory,Paint,Matt,NoGrain,0.3,244,0,7808,8,4,NA,NA,NA,NA,0,0,0,0,0,0,0,0,0,0,,,,,,,,,,,,,,,,,
3FO3FQR4FUGM,PU5038MT,PU5038,Berry Red,Asian Paints,Solid Matt Finish,Inventory,Paint,Matt,NoGrain,0.3,244,0,7808,8,4,NA,NA,NA,NA,0,0,0,0,0,0,0,0,0,0,,,,,,,,,,,,,,,,,
3FO3FQS47NTJ,PU8024MT,PU8024,Red Oxide Brown,Asian Paints,Solid Matt Finish,Inventory,Paint,Matt,NoGrain,0.3,244,0,7808,8,4,NA,NA,NA,NA,0,0,0,0,0,0,0,0,0,0,,,,,,,,,,,,,,,,,
3FO3FQR4LRRE,PU8031MT,PU8031,Pastel Pink,Asian Paints,Solid Matt Finish,Inventory,Paint,Matt,NoGrain,0.3,244,0,7808,8,4,NA,NA,NA,NA,0,0,0,0,0,0,0,0,0,0,,,,,,,,,,,,,,,,,
3FO3FQRISQK1,PU5051MT,PU5051,Lavender,Asian Paints,Solid Matt Finish,Inventory,Paint,Matt,NoGrain,0.3,244,0,7808,8,4,NA,NA,NA,NA,0,0,0,0,0,0,0,0,0,0,,,,,,,,,,,,,,,,,
3FO3FQROWD0W,PU5048MT,PU5048,Floral Violet,Asian Paints,Solid Matt Finish,Inventory,Paint,Matt,NoGrain,0.3,244,0,7808,8,4,NA,NA,NA,NA,0,0,0,0,0,0,0,0,0,0,,,,,,,,,,,,,,,,,
3FO3FQR9MXI3,PU0310MT,PU0310,Lavender Burst,Asian Paints,Solid Matt Finish,Inventory,Paint,Matt,NoGrain,0.3,244,0,7808,8,4,NA,NA,NA,NA,0,0,0,0,0,0,0,0,0,0,,,,,,,,,,,,,,,,,
3FO3FQS76VRP,PU8027MT,PU8027,Rouge Velvet,Asian Paints,Solid Matt Finish,Inventory,Paint,Matt,NoGrain,0.3,244,0,7808,8,4,NA,NA,NA,NA,0,0,0,0,0,0,0,0,0,0,,,,,,,,,,,,,,,,,
3FO3FQS7704Q,PU8029MT,PU8029,Rosewood Pink,Asian Paints,Solid Matt Finish,Inventory,Paint,Matt,NoGrain,0.3,244,0,7808,8,4,NA,NA,NA,NA,0,0,0,0,0,0,0,0,0,0,,,,,,,,,,,,,,,,,
3FO3FQSDX2CC,PU0301MT,PU0301,Pink Lilac,Asian Paints,Solid Matt Finish,Inventory,Paint,Matt,NoGrain,0.3,244,0,7808,8,4,NA,NA,NA,NA,0,0,0,0,0,0,0,0,0,0,,,,,,,,,,,,,,,,,
3FO3FQS793OD,PU5052MT,PU5052,Sunset Nuance,Asian Paints,Solid Matt Finish,Inventory,Paint,Matt,NoGrain,0.3,244,0,7808,8,4,NA,NA,NA,NA,0,0,0,0,0,0,0,0,0,0,,,,,,,,,,,,,,,,,
3FO3FQSD394F,PU5165MT,PU5165,Hinge Grey,Asian Paints,Solid Matt Finish,Inventory,Paint,Matt,NoGrain,0.3,244,0,7808,8,4,NA,NA,NA,NA,0,0,0,0,0,0,0,0,0,0,,,,,,,,,,,,,,,,,
3FO3FQSDWKM7,PU8037MT,PU8037,Steel Indigo,Asian Paints,Solid Matt Finish,Inventory,Paint,Matt,NoGrain,0.3,244,0,7808,8,4,NA,NA,NA,NA,0,0,0,0,0,0,0,0,0,0,,,,,,,,,,,,,,,,,
3FO3FQRISTW2,PU8036MT,PU8036,Grey Indigo,Asian Paints,Solid Matt Finish,Inventory,Paint,Matt,NoGrain,0.3,244,0,7808,8,4,NA,NA,NA,NA,0,0,0,0,0,0,0,0,0,0,,,,,,,,,,,,,,,,,
3FO3FQR9UL0D,PU5069MT,PU5069,Artic Blue,Asian Paints,Solid Matt Finish,Inventory,Paint,Matt,NoGrain,0.3,244,0,7808,8,4,NA,NA,NA,NA,0,0,0,0,0,0,0,0,0,0,,,,,,,,,,,,,,,,,
3FO3FQRMNMTD,PU8040MT,PU8040,Cement Blue,Asian Paints,Solid Matt Finish,Inventory,Paint,Matt,NoGrain,0.3,244,0,7808,8,4,NA,NA,NA,NA,0,0,0,0,0,0,0,0,0,0,,,,,,,,,,,,,,,,,
3FO3FQROVHWN,PU0470MT,PU0470,Harbour Wind,Asian Paints,Solid Matt Finish,Inventory,Paint,Matt,NoGrain,0.3,244,0,7808,8,4,NA,NA,NA,NA,0,0,0,0,0,0,0,0,0,0,,,,,,,,,,,,,,,,,
3FO3FQRXCDA5,RAL5014MT,RAL5014,Pigeon Blue,Asian Paints,Solid Matt Finish,Inventory,Paint,Matt,NoGrain,0.3,244,0,7808,8,4,NA,NA,NA,NA,0,0,0,0,0,0,0,0,0,0,,,,,,,,,,,,,,,,,
3FO3FQSAW0UM,PU0305MT,PU0305,Violet,Asian Paints,Solid Matt Finish,Inventory,Paint,Matt,NoGrain,0.3,244,0,7808,8,4,NA,NA,NA,NA,0,0,0,0,0,0,0,0,0,0,,,,,,,,,,,,,,,,,
3FO3FQRITIB9,PU5059MT,PU5059,Cobalt Indigo,Asian Paints,Solid Matt Finish,Inventory,Paint,Matt,NoGrain,0.3,244,0,7808,8,4,NA,NA,NA,NA,0,0,0,0,0,0,0,0,0,0,,,,,,,,,,,,,,,,,
3FO3FQR9UYDH,RAL5013MT,RAL5013,Cobalt Blue,Asian Paints,Solid Matt Finish,Inventory,Paint,Matt,NoGrain,0.3,244,0,7808,8,4,NA,NA,NA,NA,0,0,0,0,0,0,0,0,0,0,,,,,,,,,,,,,,,,,
3FO3FQNYCF26,PU5063MT,PU5063,Desert Night,Asian Paints,Solid Matt Finish,Inventory,Paint,Matt,NoGrain,0.3,244,0,7808,8,4,NA,NA,NA,NA,0,0,0,0,0,0,0,0,0,0,,,,,,,,,,,,,,,,,
3FO3FQR9X6A5,PU5113MT,PU5113,Ice White,Asian Paints,Solid Matt Finish,Inventory,Paint,Matt,NoGrain,0.3,244,0,7808,8,4,NA,NA,NA,NA,0,0,0,0,0,0,0,0,0,0,,,,,,,,,,,,,,,,,
3FO3FQRMORXP,PU0473MT,PU0473,Morning Mist,Asian Paints,Solid Matt Finish,Inventory,Paint,Matt,NoGrain,0.3,244,0,7808,8,4,NA,NA,NA,NA,0,0,0,0,0,0,0,0,0,0,,,,,,,,,,,,,,,,,
3FO3FQNYF710,PU8085MT,PU8085,MIsty Green,Asian Paints,Solid Matt Finish,Inventory,Paint,Matt,NoGrain,0.3,244,0,7808,8,4,NA,NA,NA,NA,0,0,0,0,0,0,0,0,0,0,,,,,,,,,,,,,,,,,
3FO3FQNYCVRB,PU8070MT,PU8070,Grey Mangrove,Asian Paints,Solid Matt Finish,Inventory,Paint,Matt,NoGrain,0.3,244,0,7808,8,4,NA,NA,NA,NA,0,0,0,0,0,0,0,0,0,0,,,,,,,,,,,,,,,,,
3FO3FQSAVMHI,PU8075MT,PU8075,Stone Green,Asian Paints,Solid Matt Finish,Inventory,Paint,Matt,NoGrain,0.3,244,0,7808,8,4,NA,NA,NA,NA,0,0,0,0,0,0,0,0,0,0,,,,,,,,,,,,,,,,,
3FO3FQRXBOUX,PU0371MT,PU0371,Tranquil,Asian Paints,Solid Matt Finish,Inventory,Paint,Matt,NoGrain,0.3,244,0,7808,8,4,NA,NA,NA,NA,0,0,0,0,0,0,0,0,0,0,,,,,,,,,,,,,,,,,
3FO3FQS76SFO,PU8086MT,PU8086,Pine Shadow,Asian Paints,Solid Matt Finish,Inventory,Paint,Matt,NoGrain,0.3,244,0,7808,8,4,NA,NA,NA,NA,0,0,0,0,0,0,0,0,0,0,,,,,,,,,,,,,,,,,
3FO3FQS19L0P,RAL6021MT,RAL6021,Pale Green,Asian Paints,Solid Matt Finish,Inventory,Paint,Matt,NoGrain,0.3,244,0,7808,8,4,NA,NA,NA,NA,0,0,0,0,0,0,0,0,0,0,,,,,,,,,,,,,,,,,
3FO3FQSDW0K1,RAL6011MT,RAL6011,Resada Green,Asian Paints,Solid Matt Finish,Inventory,Paint,Matt,NoGrain,0.3,244,0,7808,8,4,NA,NA,NA,NA,0,0,0,0,0,0,0,0,0,0,,,,,,,,,,,,,,,,,
3FO3FQR4MQ7O,PU0373MT,PU0373,Wind Sweep,Asian Paints,Solid Matt Finish,Inventory,Paint,Matt,NoGrain,0.3,244,0,7808,8,4,NA,NA,NA,NA,0,0,0,0,0,0,0,0,0,0,,,,,,,,,,,,,,,,,
3FO3FQR6TQ7P,PU8087MT,PU8087,Charcoal Green,Asian Paints,Solid Matt Finish,Inventory,Paint,Matt,NoGrain,0.3,244,0,7808,8,4,NA,NA,NA,NA,0,0,0,0,0,0,0,0,0,0,,,,,,,,,,,,,,,,,
3FO3FQS925I8,PU8058MT,PU8058,Powder Pistachio,Asian Paints,Solid Matt Finish,Inventory,Paint,Matt,NoGrain,0.3,244,0,7808,8,4,NA,NA,NA,NA,0,0,0,0,0,0,0,0,0,0,,,,,,,,,,,,,,,,,
3FO3FQRAQTDP,PU8065MT,PU8065,Pearly Pistachio,Asian Paints,Solid Matt Finish,Inventory,Paint,Matt,NoGrain,0.3,244,0,7808,8,4,NA,NA,NA,NA,0,0,0,0,0,0,0,0,0,0,,,,,,,,,,,,,,,,,
3FO3FQS18WLI,PU8063MT,PU8063,Pistachio Break,Asian Paints,Solid Matt Finish,Inventory,Paint,Matt,NoGrain,0.3,244,0,7808,8,4,NA,NA,NA,NA,0,0,0,0,0,0,0,0,0,0,,,,,,,,,,,,,,,,,
3FO3FQS1B165,PU8059MT,PU8059,Stoic Pistachio,Asian Paints,Solid Matt Finish,Inventory,Paint,Matt,NoGrain,0.3,244,0,7808,8,4,NA,NA,NA,NA,0,0,0,0,0,0,0,0,0,0,,,,,,,,,,,,,,,,,
3FO3FQS19ROR,RAL6034MT,RAL6034,Pastel Turquoise,Asian Paints,Solid Matt Finish,Inventory,Paint,Matt,NoGrain,0.3,244,0,7808,8,4,NA,NA,NA,NA,0,0,0,0,0,0,0,0,0,0,,,,,,,,,,,,,,,,,
3FO3FQRXCNB8,PU8060MT,PU8060,Rich Pistachio,Asian Paints,Solid Matt Finish,Inventory,Paint,Matt,NoGrain,0.3,244,0,7808,8,4,NA,NA,NA,NA,0,0,0,0,0,0,0,0,0,0,,,,,,,,,,,,,,,,,
3FO3FQSD3FSH,RAL6033MT,RAL6033,Mint Turquoise,Asian Paints,Solid Matt Finish,Inventory,Paint,Matt,NoGrain,0.3,244,0,7808,8,4,NA,NA,NA,NA,0,0,0,0,0,0,0,0,0,0,,,,,,,,,,,,,,,,,
3FO3FQR4KJB1,RAL6000MT,RAL6000,Patina Green,Asian Paints,Solid Matt Finish,Inventory,Paint,Matt,NoGrain,0.3,244,0,7808,8,4,NA,NA,NA,NA,0,0,0,0,0,0,0,0,0,0,,,,,,,,,,,,,,,,,
3FO3FQROVYMS,RAL6004MT,RAL6004,Blue Green,Asian Paints,Solid Matt Finish,Inventory,Paint,Matt,NoGrain,0.3,244,0,7808,8,4,NA,NA,NA,NA,0,0,0,0,0,0,0,0,0,0,,,,,,,,,,,,,,,,,
3FO3FQO1NC5D,RAL6009MT,RAL6009,Fir Green,Asian Paints,Solid Matt Finish,Inventory,Paint,Matt,NoGrain,0.3,244,0,7808,8,4,NA,NA,NA,NA,0,0,0,0,0,0,0,0,0,0,,,,,,,,,,,,,,,,,
3FO3FQSDWDX5,PU5114MT,PU5114,Shadow Of Grey,Asian Paints,Solid Matt Finish,Inventory,Paint,Matt,NoGrain,0.3,244,0,7808,8,4,NA,NA,NA,NA,0,0,0,0,0,0,0,0,0,0,,,,,,,,,,,,,,,,,
3FO3FQS490MX,RAL9018MT,RAL9018,Papyrus White,Asian Paints,Solid Matt Finish,Inventory,Paint,Matt,NoGrain,0.3,244,0,7808,8,4,NA,NA,NA,NA,0,0,0,0,0,0,0,0,0,0,,,,,,,,,,,,,,,,,
3FO3FQO2AB6X,PU8053MT,PU8053,Ash Blue,Asian Paints,Solid Matt Finish,Inventory,Paint,Matt,NoGrain,0.3,244,0,7808,8,4,NA,NA,NA,NA,0,0,0,0,0,0,0,0,0,0,,,,,,,,,,,,,,,,,
3FO3FQRG8DG0,PU0472MT,PU0472,Ice Mint,Asian Paints,Solid Matt Finish,Inventory,Paint,Matt,NoGrain,0.3,244,0,7808,8,4,NA,NA,NA,NA,0,0,0,0,0,0,0,0,0,0,,,,,,,,,,,,,,,,,
3FO3FQS92267,PU8045MT,PU8045,Powder Sky,Asian Paints,Solid Matt Finish,Inventory,Paint,Matt,NoGrain,0.3,244,0,7808,8,4,NA,NA,NA,NA,0,0,0,0,0,0,0,0,0,0,,,,,,,,,,,,,,,,,
3FO3FQRAR12R,PU0328MT,PU0328,Satin Blue,Asian Paints,Solid Matt Finish,Inventory,Paint,Matt,NoGrain,0.3,244,0,7808,8,4,NA,NA,NA,NA,0,0,0,0,0,0,0,0,0,0,,,,,,,,,,,,,,,,,
3FO3FQO1N5GB,PU0329MT,PU0329,Dove Grey,Asian Paints,Solid Matt Finish,Inventory,Paint,Matt,NoGrain,0.3,244,0,7808,8,4,NA,NA,NA,NA,0,0,0,0,0,0,0,0,0,0,,,,,,,,,,,,,,,,,
3FO3FQO1M3O0,PU0469MT,PU0469,Mystic Grey,Asian Paints,Solid Matt Finish,Inventory,Paint,Matt,NoGrain,0.3,244,0,7808,8,4,NA,NA,NA,NA,0,0,0,0,0,0,0,0,0,0,,,,,,,,,,,,,,,,,
3FO3FQRMNTIF,PU0324MT,PU0324,Cerulean Blue,Asian Paints,Solid Matt Finish,Inventory,Paint,Matt,NoGrain,0.3,244,0,7808,8,4,NA,NA,NA,NA,0,0,0,0,0,0,0,0,0,0,,,,,,,,,,,,,,,,,
3FO3FQNYDK6I,RAL5009MT,RAL5009,Azure Blue,Asian Paints,Solid Matt Finish,Inventory,Paint,Matt,NoGrain,0.3,244,0,7808,8,4,NA,NA,NA,NA,0,0,0,0,0,0,0,0,0,0,,,,,,,,,,,,,,,,,
3FO3FQSD3CGG,PU0372MT,PU0372,Grassland,Asian Paints,Solid Matt Finish,Inventory,Paint,Matt,NoGrain,0.3,244,0,7808,8,4,NA,NA,NA,NA,0,0,0,0,0,0,0,0,0,0,,,,,,,,,,,,,,,,,
3FO3FQR4I5PB,RAL6027MT,RAL6027,Light Green,Asian Paints,Solid Matt Finish,Inventory,Paint,Matt,NoGrain,0.3,244,0,7808,8,4,NA,NA,NA,NA,0,0,0,0,0,0,0,0,0,0,,,,,,,,,,,,,,,,,
3FO3FQSA47UB,PU8055MT,PU8055,Blushed Trees,Asian Paints,Solid Matt Finish,Inventory,Paint,Matt,NoGrain,0.3,244,0,7808,8,4,NA,NA,NA,NA,0,0,0,0,0,0,0,0,0,0,,,,,,,,,,,,,,,,,
3FO3FQS47XUM,RAL5018MT,RAL5018,Turquoise Blue,Asian Paints,Solid Matt Finish,Inventory,Paint,Matt,NoGrain,0.3,244,0,7808,8,4,NA,NA,NA,NA,0,0,0,0,0,0,0,0,0,0,,,,,,,,,,,,,,,,,
3FO3FQRXBI6V,PU0397MT,PU0397,Swirl,Asian Paints,Solid Matt Finish,Inventory,Paint,Matt,NoGrain,0.3,244,0,7808,8,4,NA,NA,NA,NA,0,0,0,0,0,0,0,0,0,0,,,,,,,,,,,,,,,,,
3FO3FQR4KTC4,PU5085MT,PU5085,River Green,Asian Paints,Solid Matt Finish,Inventory,Paint,Matt,NoGrain,0.3,244,0,7808,8,4,NA,NA,NA,NA,0,0,0,0,0,0,0,0,0,0,,,,,,,,,,,,,,,,,
3FO3FQR4IFQE,RAL7035MT,RAL7035,Light Grey,Asian Paints,Solid Matt Finish,Inventory,Paint,Matt,NoGrain,0.3,244,0,7808,8,4,NA,NA,NA,NA,0,0,0,0,0,0,0,0,0,0,,,,,,,,,,,,,,,,,
3FO3FQSA6EQY,PU5151MT,PU5151,Grey,Asian Paints,Solid Matt Finish,Inventory,Paint,Matt,NoGrain,0.3,244,0,7808,8,4,NA,NA,NA,NA,0,0,0,0,0,0,0,0,0,0,,,,,,,,,,,,,,,,,
3FO3FQR4LV4F,PU0464MT,PU0464,Para View,Asian Paints,Solid Matt Finish,Inventory,Paint,Matt,NoGrain,0.3,244,0,7808,8,4,NA,NA,NA,NA,0,0,0,0,0,0,0,0,0,0,,,,,,,,,,,,,,,,,
3FO3FQO1MXR9,PU0383MT,PU0383,Cool Ash,Asian Paints,Solid Matt Finish,Inventory,Paint,Matt,NoGrain,0.3,244,0,7808,8,4,NA,NA,NA,NA,0,0,0,0,0,0,0,0,0,0,,,,,,,,,,,,,,,,,
3FO3FQSAWKWS,RAL7036MT,RAL7036,Platinum Grey,Asian Paints,Solid Matt Finish,Inventory,Paint,Matt,NoGrain,0.3,244,0,7808,8,4,NA,NA,NA,NA,0,0,0,0,0,0,0,0,0,0,,,,,,,,,,,,,,,,,
3FO3FQS91AEY,RAL7040MT,RAL7040,Window Grey,Asian Paints,Solid Matt Finish,Inventory,Paint,Matt,NoGrain,0.3,244,0,7808,8,4,NA,NA,NA,NA,0,0,0,0,0,0,0,0,0,0,,,,,,,,,,,,,,,,,
3FO3FQS790CC,RAL7042MT,RAL7042,Traffic Grey A,Asian Paints,Solid Matt Finish,Inventory,Paint,Matt,NoGrain,0.3,244,0,7808,8,4,NA,NA,NA,NA,0,0,0,0,0,0,0,0,0,0,,,,,,,,,,,,,,,,,
3FO3FQR9WV92,PU5153MT,PU5153,Hydro Grey,Asian Paints,Solid Matt Finish,Inventory,Paint,Matt,NoGrain,0.3,244,0,7808,8,4,NA,NA,NA,NA,0,0,0,0,0,0,0,0,0,0,,,,,,,,,,,,,,,,,
3FO3FQR4ICED,PU5156MT,PU5156,Medium Grey,Asian Paints,Solid Matt Finish,Inventory,Paint,Matt,NoGrain,0.3,244,0,7808,8,4,NA,NA,NA,NA,0,0,0,0,0,0,0,0,0,0,,,,,,,,,,,,,,,,,
3FO3FQSAVFSG,PU5157MT,PU5157,Shadow Grey,Asian Paints,Solid Matt Finish,Inventory,Paint,Matt,NoGrain,0.3,244,0,7808,8,4,NA,NA,NA,NA,0,0,0,0,0,0,0,0,0,0,,,,,,,,,,,,,,,,,
3FO3FQR9MQT1,RAL7024MT,RAL7024,Graphite Grey,Asian Paints,Solid Matt Finish,Inventory,Paint,Matt,NoGrain,0.3,244,0,7808,8,4,NA,NA,NA,NA,0,0,0,0,0,0,0,0,0,0,,,,,,,,,,,,,,,,,
3FO3FQSD5600,PU0379MT,PU0379,Monsoon Cloud,Asian Paints,Solid Matt Finish,Inventory,Paint,Matt,NoGrain,0.3,244,0,7808,8,4,NA,NA,NA,NA,0,0,0,0,0,0,0,0,0,0,,,,,,,,,,,,,,,,,
3FO3FQSD47JP,PU5168MT,PU5168,Baked Brownie,Asian Paints,Solid Matt Finish,Inventory,Paint,Matt,NoGrain,0.3,244,0,7808,8,4,NA,NA,NA,NA,0,0,0,0,0,0,0,0,0,0,,,,,,,,,,,,,,,,,
3FO3FQSAVWIL,PU8117MT,PU8117,Stone Shadow,Asian Paints,Solid Matt Finish,Inventory,Paint,Matt,NoGrain,0.3,244,0,7808,8,4,NA,NA,NA,NA,0,0,0,0,0,0,0,0,0,0,,,,,,,,,,,,,,,,,
3FO3FQR9O3MF,PU5159MT,PU5159,Dark Grey,Asian Paints,Solid Matt Finish,Inventory,Paint,Matt,NoGrain,0.3,244,0,7808,8,4,NA,NA,NA,NA,0,0,0,0,0,0,0,0,0,0,,,,,,,,,,,,,,,,,
3FO3FQSD9TTE,RAL7043MT,RAL7043,Traffic Grey B,Asian Paints,Solid Matt Finish,Inventory,Paint,Matt,NoGrain,0.3,244,0,7808,8,4,NA,NA,NA,NA,0,0,0,0,0,0,0,0,0,0,,,,,,,,,,,,,,,,,
3FO3FQSD40UN,RAL7016MT,RAL7016,Anthracite Grey,Asian Paints,Solid Matt Finish,Inventory,Paint,Matt,NoGrain,0.3,244,0,7808,8,4,NA,NA,NA,NA,0,0,0,0,0,0,0,0,0,0,,,,,,,,,,,,,,,,,
3FO3FQRMNG5B,RAL8022MT,RAL8022,Black Brown,Asian Paints,Solid Matt Finish,Inventory,Paint,Matt,NoGrain,0.3,244,0,7808,8,4,NA,NA,NA,NA,0,0,0,0,0,0,0,0,0,0,,,,,,,,,,,,,,,,,
3FO3FQRAQWPQ,RAL9004MT,RAL9004,Signal Black,Asian Paints,Solid Matt Finish,Inventory,Paint,Matt,NoGrain,0.3,244,0,7808,8,4,NA,NA,NA,NA,0,0,0,0,0,0,0,0,0,0,,,,,,,,,,,,,,,,,
3FO3FQNYD3GD,RAL9005MT,RAL9005,Jet Black,Asian Paints,Solid Matt Finish,Inventory,Paint,Matt,NoGrain,0.3,244,0,7808,8,4,NA,NA,NA,NA,0,0,0,0,0,0,0,0,0,0,,,,,,,,,,,,,,,,,
3FO3FQSA6BEX,RAL9011MT,RAL9011,Graphite Black,Asian Paints,Solid Matt Finish,Inventory,Paint,Matt,NoGrain,0.3,244,0,7808,8,4,NA,NA,NA,NA,0,0,0,0,0,0,0,0,0,0,,,,,,,,,,,,,,,,,
3FO3FQROVB8L,PU5182MT,PU5182,Gold Leaf,Asian Paints,Solid Matt Finish,Inventory,Paint,Matt,NoGrain,0.3,244,0,7808,8,4,NA,NA,NA,NA,0,0,0,0,0,0,0,0,0,0,,,,,,,,,,,,,,,,,
3FO3FQRXC6L3,PU5212MT,PU5212,Pearl Gold,Asian Paints,Solid Matt Finish,Inventory,Paint,Matt,NoGrain,0.3,244,0,7808,8,4,NA,NA,NA,NA,0,0,0,0,0,0,0,0,0,0,,,,,,,,,,,,,,,,,
3FO3FQRIU01E,PU5183MT,PU5183,Gold Cristal,Asian Paints,Solid Matt Finish,Inventory,Paint,Matt,NoGrain,0.3,244,0,7808,8,4,NA,NA,NA,NA,0,0,0,0,0,0,0,0,0,0,,,,,,,,,,,,,,,,,
3FO3FQRG86QX,PU5185MT,PU5185,Gold Atheua,Asian Paints,Solid Matt Finish,Inventory,Paint,Matt,NoGrain,0.3,244,0,7808,8,4,NA,NA,NA,NA,0,0,0,0,0,0,0,0,0,0,,,,,,,,,,,,,,,,,
3FO3FQR4GIUT,PU5186MT,PU5186,Gold Sable,Asian Paints,Solid Matt Finish,Inventory,Paint,Matt,NoGrain,0.3,244,0,7808,8,4,NA,NA,NA,NA,0,0,0,0,0,0,0,0,0,0,,,,,,,,,,,,,,,,,
3FO3FQRITSCC,PU5188MT,PU5188,Copper,Asian Paints,Solid Matt Finish,Inventory,Paint,Matt,NoGrain,0.3,244,0,7808,8,4,NA,NA,NA,NA,0,0,0,0,0,0,0,0,0,0,,,,,,,,,,,,,,,,,
3FO3FQSD35RE,PU5190MT,PU5190,Bronze,Asian Paints,Solid Matt Finish,Inventory,Paint,Matt,NoGrain,0.3,244,0,7808,8,4,NA,NA,NA,NA,0,0,0,0,0,0,0,0,0,0,,,,,,,,,,,,,,,,,
3FO3FQSDWAL4,PU5196MT,PU5196,Silver Brick,Asian Paints,Solid Matt Finish,Inventory,Paint,Matt,NoGrain,0.3,244,0,7808,8,4,NA,NA,NA,NA,0,0,0,0,0,0,0,0,0,0,,,,,,,,,,,,,,,,,
3FO3FQRXB85S,PU5197MT,PU5197,Silver Oxide,Asian Paints,Solid Matt Finish,Inventory,Paint,Matt,NoGrain,0.3,244,0,7808,8,4,NA,NA,NA,NA,0,0,0,0,0,0,0,0,0,0,,,,,,,,,,,,,,,,,
3FO3FQR6SEEB,PU5193MT,PU5193,Daw Silver,Asian Paints,Solid Matt Finish,Inventory,Paint,Matt,NoGrain,0.3,244,0,7808,8,4,NA,NA,NA,NA,0,0,0,0,0,0,0,0,0,0,,,,,,,,,,,,,,,,,
3FO3FQR7MPW3,PU5219MT,PU5219,Pearl Dark Grey,Asian Paints,Solid Matt Finish,Inventory,Paint,Matt,NoGrain,0.3,244,0,7808,8,4,NA,NA,NA,NA,0,0,0,0,0,0,0,0,0,0,,,,,,,,,,,,,,,,,
3FO3FQRXCGM6,PU5220MT,PU5220,Pearl Mouse Grey,Asian Paints,Solid Matt Finish,Inventory,Paint,Matt,NoGrain,0.3,244,0,7808,8,4,NA,NA,NA,NA,0,0,0,0,0,0,0,0,0,0,,,,,,,,,,,,,,,,,
3FO3FQR9WRW1,PU5192MT,PU5192,Golden Sandal,Asian Paints,Solid Matt Finish,Inventory,Paint,Matt,NoGrain,0.3,244,0,7808,8,4,NA,NA,NA,NA,0,0,0,0,0,0,0,0,0,0,,,,,,,,,,,,,,,,,
3FO3FQRMPJOX,PU5187MT,PU5187,Gold Dusk,Asian Paints,Solid Matt Finish,Inventory,Paint,Matt,NoGrain,0.3,244,0,7808,8,4,NA,NA,NA,NA,0,0,0,0,0,0,0,0,0,0,,,,,,,,,,,,,,,,,
3FO3FQR7MFV0,PU5221MT,PU5221,Pearl Beige,Asian Paints,Solid Matt Finish,Inventory,Paint,Matt,NoGrain,0.3,244,0,7808,8,4,NA,NA,NA,NA,0,0,0,0,0,0,0,0,0,0,,,,,,,,,,,,,,,,,
3FO3FQNYCLQ8,PU5191MT,PU5191,Golden Wax,Asian Paints,Solid Matt Finish,Inventory,Paint,Matt,NoGrain,0.3,244,0,7808,8,4,NA,NA,NA,NA,0,0,0,0,0,0,0,0,0,0,,,,,,,,,,,,,,,,,
3FO3FQNYCP39,PU5207MT,PU5207,Golden Henna,Asian Paints,Solid Matt Finish,Inventory,Paint,Matt,NoGrain,0.3,244,0,7808,8,4,NA,NA,NA,NA,0,0,0,0,0,0,0,0,0,0,,,,,,,,,,,,,,,,,
3FO3FPTJD88U,RAL9003SG,RAL9003,Signal White,Asian Paints,Semi Gloss Finish,Inventory,Paint,Glossy,NoGrain,0.3,244,0,7808,8,4,NA,NA,NA,NA,0,0,0,0,0,0,0,0,0,0,,,,,,,,,,,,,,,,,
3FO3FQLG72RF,RAL9016SG,RAL9016,Traffic White,Asian Paints,Semi Gloss Finish,Inventory,Paint,Glossy,NoGrain,0.3,244,0,7808,8,4,NA,NA,NA,NA,0,0,0,0,0,0,0,0,0,0,,,,,,,,,,,,,,,,,
3FO3FQLIHLHI,PU5112SG,PU5112,Alpine White,Asian Paints,Semi Gloss Finish,Inventory,Paint,Glossy,NoGrain,0.3,244,0,7808,8,4,NA,NA,NA,NA,0,0,0,0,0,0,0,0,0,0,,,,,,,,,,,,,,,,,
3FO3FPTD9P50,PU0351SG,PU0351,Paper White,Asian Paints,Semi Gloss Finish,Inventory,Paint,Glossy,NoGrain,0.3,244,0,7808,8,4,NA,NA,NA,NA,0,0,0,0,0,0,0,0,0,0,,,,,,,,,,,,,,,,,
3FO3FPT80SK0,PU0466SG,PU0466,Pure Linen,Asian Paints,Semi Gloss Finish,Inventory,Paint,Glossy,NoGrain,0.3,244,0,7808,8,4,NA,NA,NA,NA,0,0,0,0,0,0,0,0,0,0,,,,,,,,,,,,,,,,,
3FO3FQLLIQB9,PU0348SG,PU0348,Glacier White,Asian Paints,Semi Gloss Finish,Inventory,Paint,Glossy,NoGrain,0.3,244,0,7808,8,4,NA,NA,NA,NA,0,0,0,0,0,0,0,0,0,0,,,,,,,,,,,,,,,,,
3FO3FPTADT7T,PU5120SG,PU5120,Partridge White,Asian Paints,Semi Gloss Finish,Inventory,Paint,Glossy,NoGrain,0.3,244,0,7808,8,4,NA,NA,NA,NA,0,0,0,0,0,0,0,0,0,0,,,,,,,,,,,,,,,,,
3FO3FPT05R4Q,PU0476SG,PU0476,Ivory,Asian Paints,Semi Gloss Finish,Inventory,Paint,Glossy,NoGrain,0.3,244,0,7808,8,4,NA,NA,NA,NA,0,0,0,0,0,0,0,0,0,0,,,,,,,,,,,,,,,,,
3FO3FQLM7268,RAL9010SG,RAL9010,Pure White,Asian Paints,Semi Gloss Finish,Inventory,Paint,Glossy,NoGrain,0.3,244,0,7808,8,4,NA,NA,NA,NA,0,0,0,0,0,0,0,0,0,0,,,,,,,,,,,,,,,,,
3FO3FPSWMKWD,PU0341SG,PU0341,Burnt Custard,Asian Paints,Semi Gloss Finish,Inventory,Paint,Glossy,NoGrain,0.3,244,0,7808,8,4,NA,NA,NA,NA,0,0,0,0,0,0,0,0,0,0,,,,,,,,,,,,,,,,,
3FO3FPU551W8,PU0342SG,PU0342,Skinned Bark,Asian Paints,Semi Gloss Finish,Inventory,Paint,Glossy,NoGrain,0.3,244,0,7808,8,4,NA,NA,NA,NA,0,0,0,0,0,0,0,0,0,0,,,,,,,,,,,,,,,,,
3FO3FPTBW1MQ,PU0343SG,PU0343,Custard Blush,Asian Paints,Semi Gloss Finish,Inventory,Paint,Glossy,NoGrain,0.3,244,0,7808,8,4,NA,NA,NA,NA,0,0,0,0,0,0,0,0,0,0,,,,,,,,,,,,,,,,,
3FO3FPT6NVSY,PU0344SG,PU0344,Pollen Dust,Asian Paints,Semi Gloss Finish,Inventory,Paint,Glossy,NoGrain,0.3,244,0,7808,8,4,NA,NA,NA,NA,0,0,0,0,0,0,0,0,0,0,,,,,,,,,,,,,,,,,
3FO3FQLPF9F3,PU0462SG,PU0462,Mix White,Asian Paints,Semi Gloss Finish,Inventory,Paint,Glossy,NoGrain,0.3,244,0,7808,8,4,NA,NA,NA,NA,0,0,0,0,0,0,0,0,0,0,,,,,,,,,,,,,,,,,
3FO3FQLJ7CHW,PU0459SG,PU0459,Floor Tile,Asian Paints,Semi Gloss Finish,Inventory,Paint,Glossy,NoGrain,0.3,244,0,7808,8,4,NA,NA,NA,NA,0,0,0,0,0,0,0,0,0,0,,,,,,,,,,,,,,,,,
3FO3FPSXDKE5,PU8106SG,PU8106,Smooth Souffle,Asian Paints,Semi Gloss Finish,Inventory,Paint,Glossy,NoGrain,0.3,244,0,7808,8,4,NA,NA,NA,NA,0,0,0,0,0,0,0,0,0,0,,,,,,,,,,,,,,,,,
3FO3FPU55599,RAL8002SG,RAL8002,Signal Brown,Asian Paints,Semi Gloss Finish,Inventory,Paint,Glossy,NoGrain,0.3,244,0,7808,8,4,NA,NA,NA,NA,0,0,0,0,0,0,0,0,0,0,,,,,,,,,,,,,,,,,
3FO3FQLIHOTJ,PU5115SG,PU5115,Camel,Asian Paints,Semi Gloss Finish,Inventory,Paint,Glossy,NoGrain,0.3,244,0,7808,8,4,NA,NA,NA,NA,0,0,0,0,0,0,0,0,0,0,,,,,,,,,,,,,,,,,
3FO3FQLM4QWJ,RAL1013SG,RAL1013,Oyster White,Asian Paints,Semi Gloss Finish,Inventory,Paint,Glossy,NoGrain,0.3,244,0,7808,8,4,NA,NA,NA,NA,0,0,0,0,0,0,0,0,0,0,,,,,,,,,,,,,,,,,
3FO3FPU4F47R,RAL9001SG,RAL9001,Cream,Asian Paints,Semi Gloss Finish,Inventory,Paint,Glossy,NoGrain,0.3,244,0,7808,8,4,NA,NA,NA,NA,0,0,0,0,0,0,0,0,0,0,,,,,,,,,,,,,,,,,
3FO3FPSXDH24,PU0460SG,PU0460,Shining Sand,Asian Paints,Semi Gloss Finish,Inventory,Paint,Glossy,NoGrain,0.3,244,0,7808,8,4,NA,NA,NA,NA,0,0,0,0,0,0,0,0,0,0,,,,,,,,,,,,,,,,,
3FO3FPTJD4VT,PU5119SG,PU5119,Rough Yellow,Asian Paints,Semi Gloss Finish,Inventory,Paint,Glossy,NoGrain,0.3,244,0,7808,8,4,NA,NA,NA,NA,0,0,0,0,0,0,0,0,0,0,,,,,,,,,,,,,,,,,
3FO3FPSXDAD2,RAL1002SG,RAL1002,Sand Yellow,Asian Paints,Semi Gloss Finish,Inventory,Paint,Glossy,NoGrain,0.3,244,0,7808,8,4,NA,NA,NA,NA,0,0,0,0,0,0,0,0,0,0,,,,,,,,,,,,,,,,,
3FO3FPT801SR,PU8080SG,PU8080,Tan Yellow,Asian Paints,Semi Gloss Finish,Inventory,Paint,Glossy,NoGrain,0.3,244,0,7808,8,4,NA,NA,NA,NA,0,0,0,0,0,0,0,0,0,0,,,,,,,,,,,,,,,,,
3FO3FPT37DNM,PU5127SG,PU5127,Mustard Yellow,Asian Paints,Semi Gloss Finish,Inventory,Paint,Glossy,NoGrain,0.3,244,0,7808,8,4,NA,NA,NA,NA,0,0,0,0,0,0,0,0,0,0,,,,,,,,,,,,,,,,,
3FO3FQLLJ81E,PU8095SG,PU8095,Green Yellow,Asian Paints,Semi Gloss Finish,Inventory,Paint,Glossy,NoGrain,0.3,244,0,7808,8,4,NA,NA,NA,NA,0,0,0,0,0,0,0,0,0,0,,,,,,,,,,,,,,,,,
3FO3FPTUGDKX,RAL8000SG,RAL8000,Green Brown,Asian Paints,Semi Gloss Finish,Inventory,Paint,Glossy,NoGrain,0.3,244,0,7808,8,4,NA,NA,NA,NA,0,0,0,0,0,0,0,0,0,0,,,,,,,,,,,,,,,,,
3FO3FPSWMRLF,PU0352SG,PU0352,Chalk White,Asian Paints,Semi Gloss Finish,Inventory,Paint,Glossy,NoGrain,0.3,244,0,7808,8,4,NA,NA,NA,NA,0,0,0,0,0,0,0,0,0,0,,,,,,,,,,,,,,,,,
3FO3FPT4HA72,RAL7032SG,RAL7032,Pebble Grey,Asian Paints,Semi Gloss Finish,Inventory,Paint,Glossy,NoGrain,0.3,244,0,7808,8,4,NA,NA,NA,NA,0,0,0,0,0,0,0,0,0,0,,,,,,,,,,,,,,,,,
3FO3FPTCK2GM,PU5123SG,PU5123,Pale Ginger,Asian Paints,Semi Gloss Finish,Inventory,Paint,Glossy,NoGrain,0.3,244,0,7808,8,4,NA,NA,NA,NA,0,0,0,0,0,0,0,0,0,0,,,,,,,,,,,,,,,,,
3FO3FPTUF8GL,PU5124SG,PU5124,Jersey Gery,Asian Paints,Semi Gloss Finish,Inventory,Paint,Glossy,NoGrain,0.3,244,0,7808,8,4,NA,NA,NA,NA,0,0,0,0,0,0,0,0,0,0,,,,,,,,,,,,,,,,,
3FO3FPT0RQ6B,PU0357SG,PU0357,Saw Dust,Asian Paints,Semi Gloss Finish,Inventory,Paint,Glossy,NoGrain,0.3,244,0,7808,8,4,NA,NA,NA,NA,0,0,0,0,0,0,0,0,0,0,,,,,,,,,,,,,,,,,
3FO3FPSWO7QU,PU5125SG,PU5125,Mild Grey,Asian Paints,Semi Gloss Finish,Inventory,Paint,Glossy,NoGrain,0.3,244,0,7808,8,4,NA,NA,NA,NA,0,0,0,0,0,0,0,0,0,0,,,,,,,,,,,,,,,,,
3FO3FPTCMCPB,PU0358SG,PU0358,Safari,Asian Paints,Semi Gloss Finish,Inventory,Paint,Glossy,NoGrain,0.3,244,0,7808,8,4,NA,NA,NA,NA,0,0,0,0,0,0,0,0,0,0,,,,,,,,,,,,,,,,,
3FO3FPTJCQIP,RAL6013SG,RAL6013,Reed Green,Asian Paints,Semi Gloss Finish,Inventory,Paint,Glossy,NoGrain,0.3,244,0,7808,8,4,NA,NA,NA,NA,0,0,0,0,0,0,0,0,0,0,,,,,,,,,,,,,,,,,
3FO3FQLFJPCQ,PU5130SG,PU5130,English Brown,Asian Paints,Semi Gloss Finish,Inventory,Paint,Glossy,NoGrain,0.3,244,0,7808,8,4,NA,NA,NA,NA,0,0,0,0,0,0,0,0,0,0,,,,,,,,,,,,,,,,,
3FO3FPT9QK56,RAL7008SG,RAL7008,Khaki Grey,Asian Paints,Semi Gloss Finish,Inventory,Paint,Glossy,NoGrain,0.3,244,0,7808,8,4,NA,NA,NA,NA,0,0,0,0,0,0,0,0,0,0,,,,,,,,,,,,,,,,,
3FO3FPU1HYT8,RAL7006SG,RAL7006,Beige Grey,Asian Paints,Semi Gloss Finish,Inventory,Paint,Glossy,NoGrain,0.3,244,0,7808,8,4,NA,NA,NA,NA,0,0,0,0,0,0,0,0,0,0,,,,,,,,,,,,,,,,,
3FO3FQLM6H42,PU8083SG,PU8083,Pale Ash,Asian Paints,Semi Gloss Finish,Inventory,Paint,Glossy,NoGrain,0.3,244,0,7808,8,4,NA,NA,NA,NA,0,0,0,0,0,0,0,0,0,0,,,,,,,,,,,,,,,,,
3FO3FPT63G9U,RAL7033SG,RAL7033,Cement Grey,Asian Paints,Semi Gloss Finish,Inventory,Paint,Glossy,NoGrain,0.3,244,0,7808,8,4,NA,NA,NA,NA,0,0,0,0,0,0,0,0,0,0,,,,,,,,,,,,,,,,,
3FO3FQLG6104,PU0366SG,PU0366,Native Green,Asian Paints,Semi Gloss Finish,Inventory,Paint,Glossy,NoGrain,0.3,244,0,7808,8,4,NA,NA,NA,NA,0,0,0,0,0,0,0,0,0,0,,,,,,,,,,,,,,,,,
3FO3FPU1JLNP,RAL7003SG,RAL7003,Moss Grey,Asian Paints,Semi Gloss Finish,Inventory,Paint,Glossy,NoGrain,0.3,244,0,7808,8,4,NA,NA,NA,NA,0,0,0,0,0,0,0,0,0,0,,,,,,,,,,,,,,,,,
3FO3FQLRHR9R,PU0359SG,PU0359,Green Valley,Asian Paints,Semi Gloss Finish,Inventory,Paint,Glossy,NoGrain,0.3,244,0,7808,8,4,NA,NA,NA,NA,0,0,0,0,0,0,0,0,0,0,,,,,,,,,,,,,,,,,
3FO3FPTAGEHL,RAL7010SG,RAL7010,Tarpaulin Grey,Asian Paints,Semi Gloss Finish,Inventory,Paint,Glossy,NoGrain,0.3,244,0,7808,8,4,NA,NA,NA,NA,0,0,0,0,0,0,0,0,0,0,,,,,,,,,,,,,,,,,
3FO3FQLIHYUM,PU8002SG,PU8002,Creamy Clouds,Asian Paints,Semi Gloss Finish,Inventory,Paint,Glossy,NoGrain,0.3,244,0,7808,8,4,NA,NA,NA,NA,0,0,0,0,0,0,0,0,0,0,,,,,,,,,,,,,,,,,
3FO3FQLJ9MQL,PU5009SG,PU5009,Light Yellow,Asian Paints,Semi Gloss Finish,Inventory,Paint,Glossy,NoGrain,0.3,244,0,7808,8,4,NA,NA,NA,NA,0,0,0,0,0,0,0,0,0,0,,,,,,,,,,,,,,,,,
3FO3FQLPF2Q1,PU5008SG,PU5008,Light Cream,Asian Paints,Semi Gloss Finish,Inventory,Paint,Glossy,NoGrain,0.3,244,0,7808,8,4,NA,NA,NA,NA,0,0,0,0,0,0,0,0,0,0,,,,,,,,,,,,,,,,,
3FO3FPTS3X0A,PU0446SG,PU0446,Vanilla,Asian Paints,Semi Gloss Finish,Inventory,Paint,Glossy,NoGrain,0.3,244,0,7808,8,4,NA,NA,NA,NA,0,0,0,0,0,0,0,0,0,0,,,,,,,,,,,,,,,,,
3FO3FPT9PF0T,PU5132SG,PU5132,Amber Yellow,Asian Paints,Semi Gloss Finish,Inventory,Paint,Glossy,NoGrain,0.3,244,0,7808,8,4,NA,NA,NA,NA,0,0,0,0,0,0,0,0,0,0,,,,,,,,,,,,,,,,,
3FO3FPT0TN1V,PU8079SG,PU8079,Sugar Clay,Asian Paints,Semi Gloss Finish,Inventory,Paint,Glossy,NoGrain,0.3,244,0,7808,8,4,NA,NA,NA,NA,0,0,0,0,0,0,0,0,0,0,,,,,,,,,,,,,,,,,
3FO3FPT0TJOU,PU0354SG,PU0354,Summer Tan,Asian Paints,Semi Gloss Finish,Inventory,Paint,Glossy,NoGrain,0.3,244,0,7808,8,4,NA,NA,NA,NA,0,0,0,0,0,0,0,0,0,0,,,,,,,,,,,,,,,,,
3FO3FPTJDBKV,PU0356SG,PU0356,Salt Pepper,Asian Paints,Semi Gloss Finish,Inventory,Paint,Glossy,NoGrain,0.3,244,0,7808,8,4,NA,NA,NA,NA,0,0,0,0,0,0,0,0,0,0,,,,,,,,,,,,,,,,,
3FO3FPTHUY98,RAL1019SG,RAL1019,Grey Beige,Asian Paints,Semi Gloss Finish,Inventory,Paint,Glossy,NoGrain,0.3,244,0,7808,8,4,NA,NA,NA,NA,0,0,0,0,0,0,0,0,0,0,,,,,,,,,,,,,,,,,
3FO3FPT0U842,RAL1018SG,RAL1018,Zinc Yellow,Asian Paints,Semi Gloss Finish,Inventory,Paint,Glossy,NoGrain,0.3,244,0,7808,8,4,NA,NA,NA,NA,0,0,0,0,0,0,0,0,0,0,,,,,,,,,,,,,,,,,
3FO3FPTUFF5N,RAL1012SG,RAL1012,Lemon Yellow,Asian Paints,Semi Gloss Finish,Inventory,Paint,Glossy,NoGrain,0.3,244,0,7808,8,4,NA,NA,NA,NA,0,0,0,0,0,0,0,0,0,0,,,,,,,,,,,,,,,,,
3FO3FPU55W0H,PU5006SG,PU5006,Ochre,Asian Paints,Semi Gloss Finish,Inventory,Paint,Glossy,NoGrain,0.3,244,0,7808,8,4,NA,NA,NA,NA,0,0,0,0,0,0,0,0,0,0,,,,,,,,,,,,,,,,,
3FO3FPU299C3,RAL1003SG,RAL1003,Signal Yellow,Asian Paints,Semi Gloss Finish,Inventory,Paint,Glossy,NoGrain,0.3,244,0,7808,8,4,NA,NA,NA,NA,0,0,0,0,0,0,0,0,0,0,,,,,,,,,,,,,,,,,
3FO3FPU1K3DU,RAL1005SG,RAL1005,Honey Yellow,Asian Paints,Semi Gloss Finish,Inventory,Paint,Glossy,NoGrain,0.3,244,0,7808,8,4,NA,NA,NA,NA,0,0,0,0,0,0,0,0,0,0,,,,,,,,,,,,,,,,,
3FO3FPU28YB0,PU5133SG,PU5133,Sienna,Asian Paints,Semi Gloss Finish,Inventory,Paint,Glossy,NoGrain,0.3,244,0,7808,8,4,NA,NA,NA,NA,0,0,0,0,0,0,0,0,0,0,,,,,,,,,,,,,,,,,
3FO3FQLG52JT,PU8004SG,PU8004,Pebble Peach,Asian Paints,Semi Gloss Finish,Inventory,Paint,Glossy,NoGrain,0.3,244,0,7808,8,4,NA,NA,NA,NA,0,0,0,0,0,0,0,0,0,0,,,,,,,,,,,,,,,,,
3FO3FPU28KWV,RAL1034SG,RAL1034,Pastel Yellow,Asian Paints,Semi Gloss Finish,Inventory,Paint,Glossy,NoGrain,0.3,244,0,7808,8,4,NA,NA,NA,NA,0,0,0,0,0,0,0,0,0,0,,,,,,,,,,,,,,,,,
3FO3FPTADMIR,PU5017SG,PU5017,Oxide Yellow,Asian Paints,Semi Gloss Finish,Inventory,Paint,Glossy,NoGrain,0.3,244,0,7808,8,4,NA,NA,NA,NA,0,0,0,0,0,0,0,0,0,0,,,,,,,,,,,,,,,,,
3FO3FQLJWNKH,PU8016SG,PU8016,Rusty Peach,Asian Paints,Semi Gloss Finish,Inventory,Paint,Glossy,NoGrain,0.3,244,0,7808,8,4,NA,NA,NA,NA,0,0,0,0,0,0,0,0,0,0,,,,,,,,,,,,,,,,,
3FO3FPT6PW1K,RAL2000SG,RAL2000,Yellow Orange,Asian Paints,Semi Gloss Finish,Inventory,Paint,Glossy,NoGrain,0.3,244,0,7808,8,4,NA,NA,NA,NA,0,0,0,0,0,0,0,0,0,0,,,,,,,,,,,,,,,,,
3FO3FPTJAQB4,PU0458SG,PU0458,Pristine Cream,Asian Paints,Semi Gloss Finish,Inventory,Paint,Glossy,NoGrain,0.3,244,0,7808,8,4,NA,NA,NA,NA,0,0,0,0,0,0,0,0,0,0,,,,,,,,,,,,,,,,,
3FO3FPT62OIM,PU5014SG,PU5014,Larch,Asian Paints,Semi Gloss Finish,Inventory,Paint,Glossy,NoGrain,0.3,244,0,7808,8,4,NA,NA,NA,NA,0,0,0,0,0,0,0,0,0,0,,,,,,,,,,,,,,,,,
3FO3FPTD9SH1,PU8010SG,PU8010,Peanyt Cream,Asian Paints,Semi Gloss Finish,Inventory,Paint,Glossy,NoGrain,0.3,244,0,7808,8,4,NA,NA,NA,NA,0,0,0,0,0,0,0,0,0,0,,,,,,,,,,,,,,,,,
3FO3FPSXEM6G,PU8011SG,PU8011,Rosy Peach,Asian Paints,Semi Gloss Finish,Inventory,Paint,Glossy,NoGrain,0.3,244,0,7808,8,4,NA,NA,NA,NA,0,0,0,0,0,0,0,0,0,0,,,,,,,,,,,,,,,,,
3FO3FPT0RCS7,PU8013SG,PU8013,Preachy Peach,Asian Paints,Semi Gloss Finish,Inventory,Paint,Glossy,NoGrain,0.3,244,0,7808,8,4,NA,NA,NA,NA,0,0,0,0,0,0,0,0,0,0,,,,,,,,,,,,,,,,,
3FO3FQLRH77L,RAL3012SG,RAL3012,Beige Red,Asian Paints,Semi Gloss Finish,Inventory,Paint,Glossy,NoGrain,0.3,244,0,7808,8,4,NA,NA,NA,NA,0,0,0,0,0,0,0,0,0,0,,,,,,,,,,,,,,,,,
3FO3FPT05DQM,PU8025SG,PU8025,Blushed Magenta,Asian Paints,Semi Gloss Finish,Inventory,Paint,Glossy,NoGrain,0.3,244,0,7808,8,4,NA,NA,NA,NA,0,0,0,0,0,0,0,0,0,0,,,,,,,,,,,,,,,,,
3FO3FPT0SL9K,PU8026SG,PU8026,Pinched Magenta,Asian Paints,Semi Gloss Finish,Inventory,Paint,Glossy,NoGrain,0.3,244,0,7808,8,4,NA,NA,NA,NA,0,0,0,0,0,0,0,0,0,0,,,,,,,,,,,,,,,,,
3FO3FQLJWGVF,RAL4002SG,RAL4002,Red Violet,Asian Paints,Semi Gloss Finish,Inventory,Paint,Glossy,NoGrain,0.3,244,0,7808,8,4,NA,NA,NA,NA,0,0,0,0,0,0,0,0,0,0,,,,,,,,,,,,,,,,,
3FO3FPT0RJH9,PU8023SG,PU8023,Royal pink,Asian Paints,Semi Gloss Finish,Inventory,Paint,Glossy,NoGrain,0.3,244,0,7808,8,4,NA,NA,NA,NA,0,0,0,0,0,0,0,0,0,0,,,,,,,,,,,,,,,,,
3FO3FPT05AEL,PU5041SG,PU5041,Burgundy,Asian Paints,Semi Gloss Finish,Inventory,Paint,Glossy,NoGrain,0.3,244,0,7808,8,4,NA,NA,NA,NA,0,0,0,0,0,0,0,0,0,0,,,,,,,,,,,,,,,,,
3FO3FQLG4Y7S,PU5023SG,PU5023,Pink,Asian Paints,Semi Gloss Finish,Inventory,Paint,Glossy,NoGrain,0.3,244,0,7808,8,4,NA,NA,NA,NA,0,0,0,0,0,0,0,0,0,0,,,,,,,,,,,,,,,,,
3FO3FQLFJSOR,PU5033SG,PU5033,Candid Pink,Asian Paints,Semi Gloss Finish,Inventory,Paint,Glossy,NoGrain,0.3,244,0,7808,8,4,NA,NA,NA,NA,0,0,0,0,0,0,0,0,0,0,,,,,,,,,,,,,,,,,
3FO3FPU28O9W,PU5043SG,PU5043,Pastel Rose,Asian Paints,Semi Gloss Finish,Inventory,Paint,Glossy,NoGrain,0.3,244,0,7808,8,4,NA,NA,NA,NA,0,0,0,0,0,0,0,0,0,0,,,,,,,,,,,,,,,,,
3FO3FPU4FE8U,RAL3015SG,RAL3015,Light Pink,Asian Paints,Semi Gloss Finish,Inventory,Paint,Glossy,NoGrain,0.3,244,0,7808,8,4,NA,NA,NA,NA,0,0,0,0,0,0,0,0,0,0,,,,,,,,,,,,,,,,,
3FO3FPT03DJ1,RAL3014SG,RAL3014,Antique Pink,Asian Paints,Semi Gloss Finish,Inventory,Paint,Glossy,NoGrain,0.3,244,0,7808,8,4,NA,NA,NA,NA,0,0,0,0,0,0,0,0,0,0,,,,,,,,,,,,,,,,,
3FO3FPTAFWRG,RAL3022SG,RAL3022,Salmon Pink,Asian Paints,Semi Gloss Finish,Inventory,Paint,Glossy,NoGrain,0.3,244,0,7808,8,4,NA,NA,NA,NA,0,0,0,0,0,0,0,0,0,0,,,,,,,,,,,,,,,,,
3FO3FPT0U1F0,RAL2002SG,RAL2002,Vermillion,Asian Paints,Semi Gloss Finish,Inventory,Paint,Glossy,NoGrain,0.3,244,0,7808,8,4,NA,NA,NA,NA,0,0,0,0,0,0,0,0,0,0,,,,,,,,,,,,,,,,,
3FO3FPTHSRCK,PU0323SG,PU0323,Code Red,Asian Paints,Semi Gloss Finish,Inventory,Paint,Glossy,NoGrain,0.3,244,0,7808,8,4,NA,NA,NA,NA,0,0,0,0,0,0,0,0,0,0,,,,,,,,,,,,,,,,,
3FO3FPT9R1UB,PU0438SG,PU0438,Moody Red,Asian Paints,Semi Gloss Finish,Inventory,Paint,Glossy,NoGrain,0.3,244,0,7808,8,4,NA,NA,NA,NA,0,0,0,0,0,0,0,0,0,0,,,,,,,,,,,,,,,,,
3FO3FPT9OD8I,PU5038SG,PU5038,Berry Red,Asian Paints,Semi Gloss Finish,Inventory,Paint,Glossy,NoGrain,0.3,244,0,7808,8,4,NA,NA,NA,NA,0,0,0,0,0,0,0,0,0,0,,,,,,,,,,,,,,,,,
3FO3FQLG55VU,PU8024SG,PU8024,Red Oxide Brown,Asian Paints,Semi Gloss Finish,Inventory,Paint,Glossy,NoGrain,0.3,244,0,7808,8,4,NA,NA,NA,NA,0,0,0,0,0,0,0,0,0,0,,,,,,,,,,,,,,,,,
3FO3FQLJTVLN,PU8031SG,PU8031,Pastel Pink,Asian Paints,Semi Gloss Finish,Inventory,Paint,Glossy,NoGrain,0.3,244,0,7808,8,4,NA,NA,NA,NA,0,0,0,0,0,0,0,0,0,0,,,,,,,,,,,,,,,,,
3FO3FQKTWKIR,PU5051SG,PU5051,Lavender,Asian Paints,Semi Gloss Finish,Inventory,Paint,Glossy,NoGrain,0.3,244,0,7808,8,4,NA,NA,NA,NA,0,0,0,0,0,0,0,0,0,0,,,,,,,,,,,,,,,,,
3FO3FQLIJLP4,PU5048SG,PU5048,Floral Violet,Asian Paints,Semi Gloss Finish,Inventory,Paint,Glossy,NoGrain,0.3,244,0,7808,8,4,NA,NA,NA,NA,0,0,0,0,0,0,0,0,0,0,,,,,,,,,,,,,,,,,
3FO3FPTUF54K,PU0310SG,PU0310,Lavender Burst,Asian Paints,Semi Gloss Finish,Inventory,Paint,Glossy,NoGrain,0.3,244,0,7808,8,4,NA,NA,NA,NA,0,0,0,0,0,0,0,0,0,0,,,,,,,,,,,,,,,,,
3FO3FQLJWDJE,PU8027SG,PU8027,Rouge Velvet,Asian Paints,Semi Gloss Finish,Inventory,Paint,Glossy,NoGrain,0.3,244,0,7808,8,4,NA,NA,NA,NA,0,0,0,0,0,0,0,0,0,0,,,,,,,,,,,,,,,,,
3FO3FPTJCX7R,PU8029SG,PU8029,Rosewood Pink,Asian Paints,Semi Gloss Finish,Inventory,Paint,Glossy,NoGrain,0.3,244,0,7808,8,4,NA,NA,NA,NA,0,0,0,0,0,0,0,0,0,0,,,,,,,,,,,,,,,,,
3FO3FQLJW6UC,PU0301SG,PU0301,Pink Lilac,Asian Paints,Semi Gloss Finish,Inventory,Paint,Glossy,NoGrain,0.3,244,0,7808,8,4,NA,NA,NA,NA,0,0,0,0,0,0,0,0,0,0,,,,,,,,,,,,,,,,,
3FO3FQLS86OD,PU5052SG,PU5052,Sunset Nuance,Asian Paints,Semi Gloss Finish,Inventory,Paint,Glossy,NoGrain,0.3,244,0,7808,8,4,NA,NA,NA,NA,0,0,0,0,0,0,0,0,0,0,,,,,,,,,,,,,,,,,
3FO3FQLRJRHD,PU5165SG,PU5165,Hinge Grey,Asian Paints,Semi Gloss Finish,Inventory,Paint,Glossy,NoGrain,0.3,244,0,7808,8,4,NA,NA,NA,NA,0,0,0,0,0,0,0,0,0,0,,,,,,,,,,,,,,,,,
3FO3FQLM5W1V,PU8037SG,PU8037,Steel Indigo,Asian Paints,Semi Gloss Finish,Inventory,Paint,Glossy,NoGrain,0.3,244,0,7808,8,4,NA,NA,NA,NA,0,0,0,0,0,0,0,0,0,0,,,,,,,,,,,,,,,,,
3FO3FPSWP2U4,PU8036SG,PU8036,Grey Indigo,Asian Paints,Semi Gloss Finish,Inventory,Paint,Glossy,NoGrain,0.3,244,0,7808,8,4,NA,NA,NA,NA,0,0,0,0,0,0,0,0,0,0,,,,,,,,,,,,,,,,,
3FO3FPU4G9C4,PU5069SG,PU5069,Artic Blue,Asian Paints,Semi Gloss Finish,Inventory,Paint,Glossy,NoGrain,0.3,244,0,7808,8,4,NA,NA,NA,NA,0,0,0,0,0,0,0,0,0,0,,,,,,,,,,,,,,,,,
3FO3FPTUEA1B,PU8040SG,PU8040,Cement Blue,Asian Paints,Semi Gloss Finish,Inventory,Paint,Glossy,NoGrain,0.3,244,0,7808,8,4,NA,NA,NA,NA,0,0,0,0,0,0,0,0,0,0,,,,,,,,,,,,,,,,,
3FO3FPT627SH,PU0470SG,PU0470,Harbour Wind,Asian Paints,Semi Gloss Finish,Inventory,Paint,Glossy,NoGrain,0.3,244,0,7808,8,4,NA,NA,NA,NA,0,0,0,0,0,0,0,0,0,0,,,,,,,,,,,,,,,,,
3FO3FPT4H6U1,RAL5014SG,RAL5014,Pigeon Blue,Asian Paints,Semi Gloss Finish,Inventory,Paint,Glossy,NoGrain,0.3,244,0,7808,8,4,NA,NA,NA,NA,0,0,0,0,0,0,0,0,0,0,,,,,,,,,,,,,,,,,
3FO3FPTDB1XE,PU0305SG,PU0305,Violet,Asian Paints,Semi Gloss Finish,Inventory,Paint,Glossy,NoGrain,0.3,244,0,7808,8,4,NA,NA,NA,NA,0,0,0,0,0,0,0,0,0,0,,,,,,,,,,,,,,,,,
3FO3FPTUE6OA,PU5059SG,PU5059,Cobalt Indigo,Asian Paints,Semi Gloss Finish,Inventory,Paint,Glossy,NoGrain,0.3,244,0,7808,8,4,NA,NA,NA,NA,0,0,0,0,0,0,0,0,0,0,,,,,,,,,,,,,,,,,
3FO3FQKTUXOA,RAL5013SG,RAL5013,Cobalt Blue,Asian Paints,Semi Gloss Finish,Inventory,Paint,Glossy,NoGrain,0.3,244,0,7808,8,4,NA,NA,NA,NA,0,0,0,0,0,0,0,0,0,0,,,,,,,,,,,,,,,,,
3FO3FPT05KFO,PU5063SG,PU5063,Desert Night,Asian Paints,Semi Gloss Finish,Inventory,Paint,Glossy,NoGrain,0.3,244,0,7808,8,4,NA,NA,NA,NA,0,0,0,0,0,0,0,0,0,0,,,,,,,,,,,,,,,,,
3FO3FPT9QNH7,PU5113SG,PU5113,Ice White,Asian Paints,Semi Gloss Finish,Inventory,Paint,Glossy,NoGrain,0.3,244,0,7808,8,4,NA,NA,NA,NA,0,0,0,0,0,0,0,0,0,0,,,,,,,,,,,,,,,,,
3FO3FQLPF632,PU0473SG,PU0473,Morning Mist,Asian Paints,Semi Gloss Finish,Inventory,Paint,Glossy,NoGrain,0.3,244,0,7808,8,4,NA,NA,NA,NA,0,0,0,0,0,0,0,0,0,0,,,,,,,,,,,,,,,,,
3FO3FPU1KGQY,PU8085SG,PU8085,MIsty Green,Asian Paints,Semi Gloss Finish,Inventory,Paint,Glossy,NoGrain,0.3,244,0,7808,8,4,NA,NA,NA,NA,0,0,0,0,0,0,0,0,0,0,,,,,,,,,,,,,,,,,
3FO3FPU1JVOS,PU8070SG,PU8070,Grey Mangrove,Asian Paints,Semi Gloss Finish,Inventory,Paint,Glossy,NoGrain,0.3,244,0,7808,8,4,NA,NA,NA,NA,0,0,0,0,0,0,0,0,0,0,,,,,,,,,,,,,,,,,
3FO3FPU29602,PU8075SG,PU8075,Stone Green,Asian Paints,Semi Gloss Finish,Inventory,Paint,Glossy,NoGrain,0.3,244,0,7808,8,4,NA,NA,NA,NA,0,0,0,0,0,0,0,0,0,0,,,,,,,,,,,,,,,,,
3FO3FPTS41CB,PU0371SG,PU0371,Tranquil,Asian Paints,Semi Gloss Finish,Inventory,Paint,Glossy,NoGrain,0.3,244,0,7808,8,4,NA,NA,NA,NA,0,0,0,0,0,0,0,0,0,0,,,,,,,,,,,,,,,,,
3FO3FQLS954N,PU8086SG,PU8086,Pine Shadow,Asian Paints,Semi Gloss Finish,Inventory,Paint,Glossy,NoGrain,0.3,244,0,7808,8,4,NA,NA,NA,NA,0,0,0,0,0,0,0,0,0,0,,,,,,,,,,,,,,,,,
3FO3FPTS19DH,RAL6021SG,RAL6021,Pale Green,Asian Paints,Semi Gloss Finish,Inventory,Paint,Glossy,NoGrain,0.3,244,0,7808,8,4,NA,NA,NA,NA,0,0,0,0,0,0,0,0,0,0,,,,,,,,,,,,,,,,,
3FO3FPTS3JM6,RAL6011SG,RAL6011,Resada Green,Asian Paints,Semi Gloss Finish,Inventory,Paint,Glossy,NoGrain,0.3,244,0,7808,8,4,NA,NA,NA,NA,0,0,0,0,0,0,0,0,0,0,,,,,,,,,,,,,,,,,
3FO3FQLG7CSI,PU0373SG,PU0373,Wind Sweep,Asian Paints,Semi Gloss Finish,Inventory,Paint,Glossy,NoGrain,0.3,244,0,7808,8,4,NA,NA,NA,NA,0,0,0,0,0,0,0,0,0,0,,,,,,,,,,,,,,,,,
3FO3FQLLIMY8,PU8087SG,PU8087,Charcoal Green,Asian Paints,Semi Gloss Finish,Inventory,Paint,Glossy,NoGrain,0.3,244,0,7808,8,4,NA,NA,NA,NA,0,0,0,0,0,0,0,0,0,0,,,,,,,,,,,,,,,,,
3FO3FPTCKMIS,PU8058SG,PU8058,Powder Pistachio,Asian Paints,Semi Gloss Finish,Inventory,Paint,Glossy,NoGrain,0.3,244,0,7808,8,4,NA,NA,NA,NA,0,0,0,0,0,0,0,0,0,0,,,,,,,,,,,,,,,,,
3FO3FPSXE8SC,PU8065SG,PU8065,Pearly Pistachio,Asian Paints,Semi Gloss Finish,Inventory,Paint,Glossy,NoGrain,0.3,244,0,7808,8,4,NA,NA,NA,NA,0,0,0,0,0,0,0,0,0,0,,,,,,,,,,,,,,,,,
3FO3FPT80IIW,PU8063SG,PU8063,Pistachio Break,Asian Paints,Semi Gloss Finish,Inventory,Paint,Glossy,NoGrain,0.3,244,0,7808,8,4,NA,NA,NA,NA,0,0,0,0,0,0,0,0,0,0,,,,,,,,,,,,,,,,,
3FO3FPT4HU98,PU8059SG,PU8059,Stoic Pistachio,Asian Paints,Semi Gloss Finish,Inventory,Paint,Glossy,NoGrain,0.3,244,0,7808,8,4,NA,NA,NA,NA,0,0,0,0,0,0,0,0,0,0,,,,,,,,,,,,,,,,,
3FO3FPSXDXR9,RAL6034SG,RAL6034,Pastel Turquoise,Asian Paints,Semi Gloss Finish,Inventory,Paint,Glossy,NoGrain,0.3,244,0,7808,8,4,NA,NA,NA,NA,0,0,0,0,0,0,0,0,0,0,,,,,,,,,,,,,,,,,
3FO3FPT7YGQL,PU8060SG,PU8060,Rich Pistachio,Asian Paints,Semi Gloss Finish,Inventory,Paint,Glossy,NoGrain,0.3,244,0,7808,8,4,NA,NA,NA,NA,0,0,0,0,0,0,0,0,0,0,,,,,,,,,,,,,,,,,
3FO3FPTHU0SX,RAL6033SG,RAL6033,Mint Turquoise,Asian Paints,Semi Gloss Finish,Inventory,Paint,Glossy,NoGrain,0.3,244,0,7808,8,4,NA,NA,NA,NA,0,0,0,0,0,0,0,0,0,0,,,,,,,,,,,,,,,,,
3FO3FPTD9VT2,RAL6000SG,RAL6000,Patina Green,Asian Paints,Semi Gloss Finish,Inventory,Paint,Glossy,NoGrain,0.3,244,0,7808,8,4,NA,NA,NA,NA,0,0,0,0,0,0,0,0,0,0,,,,,,,,,,,,,,,,,
3FO3FPSWME8B,RAL6004SG,RAL6004,Blue Green,Asian Paints,Semi Gloss Finish,Inventory,Paint,Glossy,NoGrain,0.3,244,0,7808,8,4,NA,NA,NA,NA,0,0,0,0,0,0,0,0,0,0,,,,,,,,,,,,,,,,,
3FO3FPU4F0UQ,RAL6009SG,RAL6009,Fir Green,Asian Paints,Semi Gloss Finish,Inventory,Paint,Glossy,NoGrain,0.3,244,0,7808,8,4,NA,NA,NA,NA,0,0,0,0,0,0,0,0,0,0,,,,,,,,,,,,,,,,,
3FO3FPTS3TN9,PU5114SG,PU5114,Shadow Of Grey,Asian Paints,Semi Gloss Finish,Inventory,Paint,Glossy,NoGrain,0.3,244,0,7808,8,4,NA,NA,NA,NA,0,0,0,0,0,0,0,0,0,0,,,,,,,,,,,,,,,,,
3FO3FPTJBOQE,RAL9018SG,RAL9018,Papyrus White,Asian Paints,Semi Gloss Finish,Inventory,Paint,Glossy,NoGrain,0.3,244,0,7808,8,4,NA,NA,NA,NA,0,0,0,0,0,0,0,0,0,0,,,,,,,,,,,,,,,,,
3FO3FPT639KS,PU8053SG,PU8053,Ash Blue,Asian Paints,Semi Gloss Finish,Inventory,Paint,Glossy,NoGrain,0.3,244,0,7808,8,4,NA,NA,NA,NA,0,0,0,0,0,0,0,0,0,0,,,,,,,,,,,,,,,,,
3FO3FQKTW3SM,PU0472SG,PU0472,Ice Mint,Asian Paints,Semi Gloss Finish,Inventory,Paint,Glossy,NoGrain,0.3,244,0,7808,8,4,NA,NA,NA,NA,0,0,0,0,0,0,0,0,0,0,,,,,,,,,,,,,,,,,
3FO3FPT80LUX,PU8045SG,PU8045,Powder Sky,Asian Paints,Semi Gloss Finish,Inventory,Paint,Glossy,NoGrain,0.3,244,0,7808,8,4,NA,NA,NA,NA,0,0,0,0,0,0,0,0,0,0,,,,,,,,,,,,,,,,,
3FO3FPT6OA73,PU0328SG,PU0328,Satin Blue,Asian Paints,Semi Gloss Finish,Inventory,Paint,Glossy,NoGrain,0.3,244,0,7808,8,4,NA,NA,NA,NA,0,0,0,0,0,0,0,0,0,0,,,,,,,,,,,,,,,,,
3FO3FPT9OQLM,PU0329SG,PU0329,Dove Grey,Asian Paints,Semi Gloss Finish,Inventory,Paint,Glossy,NoGrain,0.3,244,0,7808,8,4,NA,NA,NA,NA,0,0,0,0,0,0,0,0,0,0,,,,,,,,,,,,,,,,,
3FO3FQLPDWLO,PU0469SG,PU0469,Mystic Grey,Asian Paints,Semi Gloss Finish,Inventory,Paint,Glossy,NoGrain,0.3,244,0,7808,8,4,NA,NA,NA,NA,0,0,0,0,0,0,0,0,0,0,,,,,,,,,,,,,,,,,
3FO3FPTBW4YR,PU0324SG,PU0324,Cerulean Blue,Asian Paints,Semi Gloss Finish,Inventory,Paint,Glossy,NoGrain,0.3,244,0,7808,8,4,NA,NA,NA,NA,0,0,0,0,0,0,0,0,0,0,,,,,,,,,,,,,,,,,
3FO3FPSWMHKC,RAL5009SG,RAL5009,Azure Blue,Asian Paints,Semi Gloss Finish,Inventory,Paint,Glossy,NoGrain,0.3,244,0,7808,8,4,NA,NA,NA,NA,0,0,0,0,0,0,0,0,0,0,,,,,,,,,,,,,,,,,
3FO3FPT9ON9L,PU0372SG,PU0372,Grassland,Asian Paints,Semi Gloss Finish,Inventory,Paint,Glossy,NoGrain,0.3,244,0,7808,8,4,NA,NA,NA,NA,0,0,0,0,0,0,0,0,0,0,,,,,,,,,,,,,,,,,
3FO3FPU1KA2W,RAL6027SG,RAL6027,Light Green,Asian Paints,Semi Gloss Finish,Inventory,Paint,Glossy,NoGrain,0.3,244,0,7808,8,4,NA,NA,NA,NA,0,0,0,0,0,0,0,0,0,0,,,,,,,,,,,,,,,,,
3FO3FPSWMO9E,PU8055SG,PU8055,Blushed Trees,Asian Paints,Semi Gloss Finish,Inventory,Paint,Glossy,NoGrain,0.3,244,0,7808,8,4,NA,NA,NA,NA,0,0,0,0,0,0,0,0,0,0,,,,,,,,,,,,,,,,,
3FO3FPTIIP21,RAL5018SG,RAL5018,Turquoise Blue,Asian Paints,Semi Gloss Finish,Inventory,Paint,Glossy,NoGrain,0.3,244,0,7808,8,4,NA,NA,NA,NA,0,0,0,0,0,0,0,0,0,0,,,,,,,,,,,,,,,,,
3FO3FQLM6DR1,PU0397SG,PU0397,Swirl,Asian Paints,Semi Gloss Finish,Inventory,Paint,Glossy,NoGrain,0.3,244,0,7808,8,4,NA,NA,NA,NA,0,0,0,0,0,0,0,0,0,0,,,,,,,,,,,,,,,,,
3FO3FPU54U86,PU5085SG,PU5085,River Green,Asian Paints,Semi Gloss Finish,Inventory,Paint,Glossy,NoGrain,0.3,244,0,7808,8,4,NA,NA,NA,NA,0,0,0,0,0,0,0,0,0,0,,,,,,,,,,,,,,,,,
3FO3FPSWNWPR,RAL7035SG,RAL7035,Light Grey,Asian Paints,Semi Gloss Finish,Inventory,Paint,Glossy,NoGrain,0.3,244,0,7808,8,4,NA,NA,NA,NA,0,0,0,0,0,0,0,0,0,0,,,,,,,,,,,,,,,,,
3FO3FPT9QGS5,PU5151SG,PU5151,Grey,Asian Paints,Semi Gloss Finish,Inventory,Paint,Glossy,NoGrain,0.3,244,0,7808,8,4,NA,NA,NA,NA,0,0,0,0,0,0,0,0,0,0,,,,,,,,,,,,,,,,,
3FO3FPTCJY4L,PU0464SG,PU0464,Para View,Asian Paints,Semi Gloss Finish,Inventory,Paint,Glossy,NoGrain,0.3,244,0,7808,8,4,NA,NA,NA,NA,0,0,0,0,0,0,0,0,0,0,,,,,,,,,,,,,,,,,
3FO3FPT34SDU,PU0383SG,PU0383,Cool Ash,Asian Paints,Semi Gloss Finish,Inventory,Paint,Glossy,NoGrain,0.3,244,0,7808,8,4,NA,NA,NA,NA,0,0,0,0,0,0,0,0,0,0,,,,,,,,,,,,,,,,,
3FO3FQLM6NS4,RAL7036SG,RAL7036,Platinum Grey,Asian Paints,Semi Gloss Finish,Inventory,Paint,Glossy,NoGrain,0.3,244,0,7808,8,4,NA,NA,NA,NA,0,0,0,0,0,0,0,0,0,0,,,,,,,,,,,,,,,,,
3FO3FQLG79GH,RAL7040SG,RAL7040,Window Grey,Asian Paints,Semi Gloss Finish,Inventory,Paint,Glossy,NoGrain,0.3,244,0,7808,8,4,NA,NA,NA,NA,0,0,0,0,0,0,0,0,0,0,,,,,,,,,,,,,,,,,
3FO3FPT3U7SG,RAL7042SG,RAL7042,Traffic Grey A,Asian Paints,Semi Gloss Finish,Inventory,Paint,Glossy,NoGrain,0.3,244,0,7808,8,4,NA,NA,NA,NA,0,0,0,0,0,0,0,0,0,0,,,,,,,,,,,,,,,,,
3FO3FPT62HTK,PU5153SG,PU5153,Hydro Grey,Asian Paints,Semi Gloss Finish,Inventory,Paint,Glossy,NoGrain,0.3,244,0,7808,8,4,NA,NA,NA,NA,0,0,0,0,0,0,0,0,0,0,,,,,,,,,,,,,,,,,
3FO3FQLFIXLI,PU5156SG,PU5156,Medium Grey,Asian Paints,Semi Gloss Finish,Inventory,Paint,Glossy,NoGrain,0.3,244,0,7808,8,4,NA,NA,NA,NA,0,0,0,0,0,0,0,0,0,0,,,,,,,,,,,,,,,,,
3FO3FQLS8A1E,PU5157SG,PU5157,Shadow Grey,Asian Paints,Semi Gloss Finish,Inventory,Paint,Glossy,NoGrain,0.3,244,0,7808,8,4,NA,NA,NA,NA,0,0,0,0,0,0,0,0,0,0,,,,,,,,,,,,,,,,,
3FO3FPT62B5I,RAL7024SG,RAL7024,Graphite Grey,Asian Paints,Semi Gloss Finish,Inventory,Paint,Glossy,NoGrain,0.3,244,0,7808,8,4,NA,NA,NA,NA,0,0,0,0,0,0,0,0,0,0,,,,,,,,,,,,,,,,,
3FO3FPU1JEYN,PU0379SG,PU0379,Monsoon Cloud,Asian Paints,Semi Gloss Finish,Inventory,Paint,Glossy,NoGrain,0.3,244,0,7808,8,4,NA,NA,NA,NA,0,0,0,0,0,0,0,0,0,0,,,,,,,,,,,,,,,,,
3FO3FPT0572K,PU5168SG,PU5168,Baked Brownie,Asian Paints,Semi Gloss Finish,Inventory,Paint,Glossy,NoGrain,0.3,244,0,7808,8,4,NA,NA,NA,NA,0,0,0,0,0,0,0,0,0,0,,,,,,,,,,,,,,,,,
3FO3FQLJVP57,PU8117SG,PU8117,Stone Shadow,Asian Paints,Semi Gloss Finish,Inventory,Paint,Glossy,NoGrain,0.3,244,0,7808,8,4,NA,NA,NA,NA,0,0,0,0,0,0,0,0,0,0,,,,,,,,,,,,,,,,,
3FO3FPSWOHRX,PU5159SG,PU5159,Dark Grey,Asian Paints,Semi Gloss Finish,Inventory,Paint,Glossy,NoGrain,0.3,244,0,7808,8,4,NA,NA,NA,NA,0,0,0,0,0,0,0,0,0,0,,,,,,,,,,,,,,,,,
3FO3FQLM6AF0,RAL7043SG,RAL7043,Traffic Grey B,Asian Paints,Semi Gloss Finish,Inventory,Paint,Glossy,NoGrain,0.3,244,0,7808,8,4,NA,NA,NA,NA,0,0,0,0,0,0,0,0,0,0,,,,,,,,,,,,,,,,,
3FO3FPTBXA44,RAL7016SG,RAL7016,Anthracite Grey,Asian Paints,Semi Gloss Finish,Inventory,Paint,Glossy,NoGrain,0.3,244,0,7808,8,4,NA,NA,NA,NA,0,0,0,0,0,0,0,0,0,0,,,,,,,,,,,,,,,,,
3FO3FPT9O9VH,RAL8022SG,RAL8022,Black Brown,Asian Paints,Semi Gloss Finish,Inventory,Paint,Glossy,NoGrain,0.3,244,0,7808,8,4,NA,NA,NA,NA,0,0,0,0,0,0,0,0,0,0,,,,,,,,,,,,,,,,,
3FO3FPTVQDGE,RAL9004SG,RAL9004,Signal Black,Asian Paints,Semi Gloss Finish,Inventory,Paint,Glossy,NoGrain,0.3,244,0,7808,8,4,NA,NA,NA,NA,0,0,0,0,0,0,0,0,0,0,,,,,,,,,,,,,,,,,
3FO3FQKTWAHO,RAL9005SG,RAL9005,Jet Black,Asian Paints,Semi Gloss Finish,Inventory,Paint,Glossy,NoGrain,0.3,244,0,7808,8,4,NA,NA,NA,NA,0,0,0,0,0,0,0,0,0,0,,,,,,,,,,,,,,,,,
3FO3FPSWOYI3,RAL9011SG,RAL9011,Graphite Black,Asian Paints,Semi Gloss Finish,Inventory,Paint,Glossy,NoGrain,0.3,244,0,7808,8,4,NA,NA,NA,NA,0,0,0,0,0,0,0,0,0,0,,,,,,,,,,,,,,,,,
3FO3FPT35A40,PU5182SG,PU5182,Gold Leaf,Asian Paints,Semi Gloss Finish,Inventory,Paint,Glossy,NoGrain,0.3,244,0,7808,8,4,NA,NA,NA,NA,0,0,0,0,0,0,0,0,0,0,,,,,,,,,,,,,,,,,
3FO3FPT4IM0G,PU5212SG,PU5212,Pearl Gold,Asian Paints,Semi Gloss Finish,Inventory,Paint,Glossy,NoGrain,0.3,244,0,7808,8,4,NA,NA,NA,NA,0,0,0,0,0,0,0,0,0,0,,,,,,,,,,,,,,,,,
3FO3FQKTX5KX,PU5183SG,PU5183,Gold Cristal,Asian Paints,Semi Gloss Finish,Inventory,Paint,Glossy,NoGrain,0.3,244,0,7808,8,4,NA,NA,NA,NA,0,0,0,0,0,0,0,0,0,0,,,,,,,,,,,,,,,,,
3FO3FPTUG3JU,PU5185SG,PU5185,Gold Atheua,Asian Paints,Semi Gloss Finish,Inventory,Paint,Glossy,NoGrain,0.3,244,0,7808,8,4,NA,NA,NA,NA,0,0,0,0,0,0,0,0,0,0,,,,,,,,,,,,,,,,,
3FO3FQLJ961G,PU5186SG,PU5186,Gold Sable,Asian Paints,Semi Gloss Finish,Inventory,Paint,Glossy,NoGrain,0.3,244,0,7808,8,4,NA,NA,NA,NA,0,0,0,0,0,0,0,0,0,0,,,,,,,,,,,,,,,,,
3FO3FQLPCO5B,PU5188SG,PU5188,Copper,Asian Paints,Semi Gloss Finish,Inventory,Paint,Glossy,NoGrain,0.3,244,0,7808,8,4,NA,NA,NA,NA,0,0,0,0,0,0,0,0,0,0,,,,,,,,,,,,,,,,,
3FO3FQLIHI5H,PU5190SG,PU5190,Bronze,Asian Paints,Semi Gloss Finish,Inventory,Paint,Glossy,NoGrain,0.3,244,0,7808,8,4,NA,NA,NA,NA,0,0,0,0,0,0,0,0,0,0,,,,,,,,,,,,,,,,,
3FO3FPT7YXGQ,PU5196SG,PU5196,Silver Brick,Asian Paints,Semi Gloss Finish,Inventory,Paint,Glossy,NoGrain,0.3,244,0,7808,8,4,NA,NA,NA,NA,0,0,0,0,0,0,0,0,0,0,,,,,,,,,,,,,,,,,
3FO3FPT7YU4P,PU5197SG,PU5197,Silver Oxide,Asian Paints,Semi Gloss Finish,Inventory,Paint,Glossy,NoGrain,0.3,244,0,7808,8,4,NA,NA,NA,NA,0,0,0,0,0,0,0,0,0,0,,,,,,,,,,,,,,,,,
3FO3FPT63CWT,PU5193SG,PU5193,Daw Silver,Asian Paints,Semi Gloss Finish,Inventory,Paint,Glossy,NoGrain,0.3,244,0,7808,8,4,NA,NA,NA,NA,0,0,0,0,0,0,0,0,0,0,,,,,,,,,,,,,,,,,
3FO3FPT6P1XB,PU5219SG,PU5219,Pearl Dark Grey,Asian Paints,Semi Gloss Finish,Inventory,Paint,Glossy,NoGrain,0.3,244,0,7808,8,4,NA,NA,NA,NA,0,0,0,0,0,0,0,0,0,0,,,,,,,,,,,,,,,,,
3FO3FPTS1MQL,PU5220SG,PU5220,Pearl Mouse Grey,Asian Paints,Semi Gloss Finish,Inventory,Paint,Glossy,NoGrain,0.3,244,0,7808,8,4,NA,NA,NA,NA,0,0,0,0,0,0,0,0,0,0,,,,,,,,,,,,,,,,,
3FO3FQKTXCA0,PU5192SG,PU5192,Golden Sandal,Asian Paints,Semi Gloss Finish,Inventory,Paint,Glossy,NoGrain,0.3,244,0,7808,8,4,NA,NA,NA,NA,0,0,0,0,0,0,0,0,0,0,,,,,,,,,,,,,,,,,
3FO3FPT63MXW,PU5187SG,PU5187,Gold Dusk,Asian Paints,Semi Gloss Finish,Inventory,Paint,Glossy,NoGrain,0.3,244,0,7808,8,4,NA,NA,NA,NA,0,0,0,0,0,0,0,0,0,0,,,,,,,,,,,,,,,,,
3FO3FPT7XBM9,PU5221SG,PU5221,Pearl Beige,Asian Paints,Semi Gloss Finish,Inventory,Paint,Glossy,NoGrain,0.3,244,0,7808,8,4,NA,NA,NA,NA,0,0,0,0,0,0,0,0,0,0,,,,,,,,,,,,,,,,,
3FO3FPT63JLV,PU5191SG,PU5191,Golden Wax,Asian Paints,Semi Gloss Finish,Inventory,Paint,Glossy,NoGrain,0.3,244,0,7808,8,4,NA,NA,NA,NA,0,0,0,0,0,0,0,0,0,0,,,,,,,,,,,,,,,,,
3FO3FPU4FAVT,PU5207SG,PU5207,Golden Henna,Asian Paints,Semi Gloss Finish,Inventory,Paint,Glossy,NoGrain,0.3,244,0,7808,8,4,NA,NA,NA,NA,0,0,0,0,0,0,0,0,0,0,,,,,,,,,,,,,,,,,
3FO3FPNSJT6U,RAL9003HG,RAL9003,Signal White,Asian Paints,High Gloss Finish,Inventory,Paint,Glossy,NoGrain,0.3,244,0,7808,8,4,NA,NA,NA,NA,0,0,0,0,0,0,0,0,0,0,,,,,,,,,,,,,,,,,
3FO3FPOM47CQ,RAL9016HG,RAL9016,Traffic White,Asian Paints,High Gloss Finish,Inventory,Paint,Glossy,NoGrain,0.3,244,0,7808,8,4,NA,NA,NA,NA,0,0,0,0,0,0,0,0,0,0,,,,,,,,,,,,,,,,,
3FO3FPODY86I,PU5112HG,PU5112,Alpine White,Asian Paints,High Gloss Finish,Inventory,Paint,Glossy,NoGrain,0.3,244,0,7808,8,4,NA,NA,NA,NA,0,0,0,0,0,0,0,0,0,0,,,,,,,,,,,,,,,,,
3FO3FPOYBVYN,PU0351HG,PU0351,Paper White,Asian Paints,High Gloss Finish,Inventory,Paint,Glossy,NoGrain,0.3,244,0,7808,8,4,NA,NA,NA,NA,0,0,0,0,0,0,0,0,0,0,,,,,,,,,,,,,,,,,
3FO3FPOSJK35,PU0466HG,PU0466,Pure Linen,Asian Paints,High Gloss Finish,Inventory,Paint,Glossy,NoGrain,0.3,244,0,7808,8,4,NA,NA,NA,NA,0,0,0,0,0,0,0,0,0,0,,,,,,,,,,,,,,,,,
3FO3FPV1SP8S,PU0348HG,PU0348,Glacier White,Asian Paints,High Gloss Finish,Inventory,Paint,Glossy,NoGrain,0.3,244,0,7808,8,4,NA,NA,NA,NA,0,0,0,0,0,0,0,0,0,0,,,,,,,,,,,,,,,,,
3FO3FPV4P685,PU5120HG,PU5120,Partridge White,Asian Paints,High Gloss Finish,Inventory,Paint,Glossy,NoGrain,0.3,244,0,7808,8,4,NA,NA,NA,NA,0,0,0,0,0,0,0,0,0,0,,,,,,,,,,,,,,,,,
3FO3FPOYGRI4,PU0476HG,PU0476,Ivory,Asian Paints,High Gloss Finish,Inventory,Paint,Glossy,NoGrain,0.3,244,0,7808,8,4,NA,NA,NA,NA,0,0,0,0,0,0,0,0,0,0,,,,,,,,,,,,,,,,,
3FO3FPODWLC1,RAL9010HG,RAL9010,Pure White,Asian Paints,High Gloss Finish,Inventory,Paint,Glossy,NoGrain,0.3,244,0,7808,8,4,NA,NA,NA,NA,0,0,0,0,0,0,0,0,0,0,,,,,,,,,,,,,,,,,
3FO3FPOVQPJO,PU0341HG,PU0341,Burnt Custard,Asian Paints,High Gloss Finish,Inventory,Paint,Glossy,NoGrain,0.3,244,0,7808,8,4,NA,NA,NA,NA,0,0,0,0,0,0,0,0,0,0,,,,,,,,,,,,,,,,,
3FO3FPUUUWQN,PU0342HG,PU0342,Skinned Bark,Asian Paints,High Gloss Finish,Inventory,Paint,Glossy,NoGrain,0.3,244,0,7808,8,4,NA,NA,NA,NA,0,0,0,0,0,0,0,0,0,0,,,,,,,,,,,,,,,,,
3FO3FPO7PCT2,PU0343HG,PU0343,Custard Blush,Asian Paints,High Gloss Finish,Inventory,Paint,Glossy,NoGrain,0.3,244,0,7808,8,4,NA,NA,NA,NA,0,0,0,0,0,0,0,0,0,0,,,,,,,,,,,,,,,,,
3FO3FPNUYA04,PU0344HG,PU0344,Pollen Dust,Asian Paints,High Gloss Finish,Inventory,Paint,Glossy,NoGrain,0.3,244,0,7808,8,4,NA,NA,NA,NA,0,0,0,0,0,0,0,0,0,0,,,,,,,,,,,,,,,,,
3FO3FPUXQLYR,PU0462HG,PU0462,Mix White,Asian Paints,High Gloss Finish,Inventory,Paint,Glossy,NoGrain,0.3,244,0,7808,8,4,NA,NA,NA,NA,0,0,0,0,0,0,0,0,0,0,,,,,,,,,,,,,,,,,
3FO3FPNSKE91,PU0459HG,PU0459,Floor Tile,Asian Paints,High Gloss Finish,Inventory,Paint,Glossy,NoGrain,0.3,244,0,7808,8,4,NA,NA,NA,NA,0,0,0,0,0,0,0,0,0,0,,,,,,,,,,,,,,,,,
3FO3FPOYCXQY,PU8106HG,PU8106,Smooth Souffle,Asian Paints,High Gloss Finish,Inventory,Paint,Glossy,NoGrain,0.3,244,0,7808,8,4,NA,NA,NA,NA,0,0,0,0,0,0,0,0,0,0,,,,,,,,,,,,,,,,,
3FO3FPP1P7NK,RAL8002HG,RAL8002,Signal Brown,Asian Paints,High Gloss Finish,Inventory,Paint,Glossy,NoGrain,0.3,244,0,7808,8,4,NA,NA,NA,NA,0,0,0,0,0,0,0,0,0,0,,,,,,,,,,,,,,,,,
3FO3FPNV1DJQ,PU5115HG,PU5115,Camel,Asian Paints,High Gloss Finish,Inventory,Paint,Glossy,NoGrain,0.3,244,0,7808,8,4,NA,NA,NA,NA,0,0,0,0,0,0,0,0,0,0,,,,,,,,,,,,,,,,,
3FO3FPOM35KF,RAL1013HG,RAL1013,Oyster White,Asian Paints,High Gloss Finish,Inventory,Paint,Glossy,NoGrain,0.3,244,0,7808,8,4,NA,NA,NA,NA,0,0,0,0,0,0,0,0,0,0,,,,,,,,,,,,,,,,,
3FO3FPV45425,RAL9001HG,RAL9001,Cream,Asian Paints,High Gloss Finish,Inventory,Paint,Glossy,NoGrain,0.3,244,0,7808,8,4,NA,NA,NA,NA,0,0,0,0,0,0,0,0,0,0,,,,,,,,,,,,,,,,,
3FO3FPNUYXEB,PU0460HG,PU0460,Shining Sand,Asian Paints,High Gloss Finish,Inventory,Paint,Glossy,NoGrain,0.3,244,0,7808,8,4,NA,NA,NA,NA,0,0,0,0,0,0,0,0,0,0,,,,,,,,,,,,,,,,,
3FO3FPUUUQ2L,PU5119HG,PU5119,Rough Yellow,Asian Paints,High Gloss Finish,Inventory,Paint,Glossy,NoGrain,0.3,244,0,7808,8,4,NA,NA,NA,NA,0,0,0,0,0,0,0,0,0,0,,,,,,,,,,,,,,,,,
3FO3FPOUTM33,RAL1002HG,RAL1002,Sand Yellow,Asian Paints,High Gloss Finish,Inventory,Paint,Glossy,NoGrain,0.3,244,0,7808,8,4,NA,NA,NA,NA,0,0,0,0,0,0,0,0,0,0,,,,,,,,,,,,,,,,,
3FO3FPUXNJYU,PU8080HG,PU8080,Tan Yellow,Asian Paints,High Gloss Finish,Inventory,Paint,Glossy,NoGrain,0.3,244,0,7808,8,4,NA,NA,NA,NA,0,0,0,0,0,0,0,0,0,0,,,,,,,,,,,,,,,,,
3FO3FPOVS2D3,PU5127HG,PU5127,Mustard Yellow,Asian Paints,High Gloss Finish,Inventory,Paint,Glossy,NoGrain,0.3,244,0,7808,8,4,NA,NA,NA,NA,0,0,0,0,0,0,0,0,0,0,,,,,,,,,,,,,,,,,
3FO3FPORY7V2,PU8095HG,PU8095,Green Yellow,Asian Paints,High Gloss Finish,Inventory,Paint,Glossy,NoGrain,0.3,244,0,7808,8,4,NA,NA,NA,NA,0,0,0,0,0,0,0,0,0,0,,,,,,,,,,,,,,,,,
3FO3FPOE1F36,RAL8000HG,RAL8000,Green Brown,Asian Paints,High Gloss Finish,Inventory,Paint,Glossy,NoGrain,0.3,244,0,7808,8,4,NA,NA,NA,NA,0,0,0,0,0,0,0,0,0,0,,,,,,,,,,,,,,,,,
3FO3FPV44T12,PU0352HG,PU0352,Chalk White,Asian Paints,High Gloss Finish,Inventory,Paint,Glossy,NoGrain,0.3,244,0,7808,8,4,NA,NA,NA,NA,0,0,0,0,0,0,0,0,0,0,,,,,,,,,,,,,,,,,
3FO3FPNSJFSQ,RAL7032HG,RAL7032,Pebble Grey,Asian Paints,High Gloss Finish,Inventory,Paint,Glossy,NoGrain,0.3,244,0,7808,8,4,NA,NA,NA,NA,0,0,0,0,0,0,0,0,0,0,,,,,,,,,,,,,,,,,
3FO3FPUUSPU0,PU5123HG,PU5123,Pale Ginger,Asian Paints,High Gloss Finish,Inventory,Paint,Glossy,NoGrain,0.3,244,0,7808,8,4,NA,NA,NA,NA,0,0,0,0,0,0,0,0,0,0,,,,,,,,,,,,,,,,,
3FO3FPNSML5O,PU5124HG,PU5124,Jersey Gery,Asian Paints,High Gloss Finish,Inventory,Paint,Glossy,NoGrain,0.3,244,0,7808,8,4,NA,NA,NA,NA,0,0,0,0,0,0,0,0,0,0,,,,,,,,,,,,,,,,,
3FO3FPO5SNX4,PU0357HG,PU0357,Saw Dust,Asian Paints,High Gloss Finish,Inventory,Paint,Glossy,NoGrain,0.3,244,0,7808,8,4,NA,NA,NA,NA,0,0,0,0,0,0,0,0,0,0,,,,,,,,,,,,,,,,,
3FO3FPV4696H,PU5125HG,PU5125,Mild Grey,Asian Paints,High Gloss Finish,Inventory,Paint,Glossy,NoGrain,0.3,244,0,7808,8,4,NA,NA,NA,NA,0,0,0,0,0,0,0,0,0,0,,,,,,,,,,,,,,,,,
3FO3FPNUYND8,PU0358HG,PU0358,Safari,Asian Paints,High Gloss Finish,Inventory,Paint,Glossy,NoGrain,0.3,244,0,7808,8,4,NA,NA,NA,NA,0,0,0,0,0,0,0,0,0,0,,,,,,,,,,,,,,,,,
3FO3FPOUTFE1,RAL6013HG,RAL6013,Reed Green,Asian Paints,High Gloss Finish,Inventory,Paint,Glossy,NoGrain,0.3,244,0,7808,8,4,NA,NA,NA,NA,0,0,0,0,0,0,0,0,0,0,,,,,,,,,,,,,,,,,
3FO3FPOVST4B,PU5130HG,PU5130,English Brown,Asian Paints,High Gloss Finish,Inventory,Paint,Glossy,NoGrain,0.3,244,0,7808,8,4,NA,NA,NA,NA,0,0,0,0,0,0,0,0,0,0,,,,,,,,,,,,,,,,,
3FO3FPP1PRPQ,RAL7008HG,RAL7008,Khaki Grey,Asian Paints,High Gloss Finish,Inventory,Paint,Glossy,NoGrain,0.3,244,0,7808,8,4,NA,NA,NA,NA,0,0,0,0,0,0,0,0,0,0,,,,,,,,,,,,,,,,,
3FO3FPUXPK7G,RAL7006HG,RAL7006,Beige Grey,Asian Paints,High Gloss Finish,Inventory,Paint,Glossy,NoGrain,0.3,244,0,7808,8,4,NA,NA,NA,NA,0,0,0,0,0,0,0,0,0,0,,,,,,,,,,,,,,,,,
3FO3FPOWED0G,PU8083HG,PU8083,Pale Ash,Asian Paints,High Gloss Finish,Inventory,Paint,Glossy,NoGrain,0.3,244,0,7808,8,4,NA,NA,NA,NA,0,0,0,0,0,0,0,0,0,0,,,,,,,,,,,,,,,,,
3FO3FPO7P650,RAL7033HG,RAL7033,Cement Grey,Asian Paints,High Gloss Finish,Inventory,Paint,Glossy,NoGrain,0.3,244,0,7808,8,4,NA,NA,NA,NA,0,0,0,0,0,0,0,0,0,0,,,,,,,,,,,,,,,,,
3FO3FPOM2XVD,PU0366HG,PU0366,Native Green,Asian Paints,High Gloss Finish,Inventory,Paint,Glossy,NoGrain,0.3,244,0,7808,8,4,NA,NA,NA,NA,0,0,0,0,0,0,0,0,0,0,,,,,,,,,,,,,,,,,
3FO3FPV1RQSI,RAL7003HG,RAL7003,Moss Grey,Asian Paints,High Gloss Finish,Inventory,Paint,Glossy,NoGrain,0.3,244,0,7808,8,4,NA,NA,NA,NA,0,0,0,0,0,0,0,0,0,0,,,,,,,,,,,,,,,,,
3FO3FPORXWTY,PU0359HG,PU0359,Green Valley,Asian Paints,High Gloss Finish,Inventory,Paint,Glossy,NoGrain,0.3,244,0,7808,8,4,NA,NA,NA,NA,0,0,0,0,0,0,0,0,0,0,,,,,,,,,,,,,,,,,
3FO3FPUXNU0X,RAL7010HG,RAL7010,Tarpaulin Grey,Asian Paints,High Gloss Finish,Inventory,Paint,Glossy,NoGrain,0.3,244,0,7808,8,4,NA,NA,NA,NA,0,0,0,0,0,0,0,0,0,0,,,,,,,,,,,,,,,,,
3FO3FPNSK7JY,PU8002HG,PU8002,Creamy Clouds,Asian Paints,High Gloss Finish,Inventory,Paint,Glossy,NoGrain,0.3,244,0,7808,8,4,NA,NA,NA,NA,0,0,0,0,0,0,0,0,0,0,,,,,,,,,,,,,,,,,
3FO3FPO7QB9C,PU5009HG,PU5009,Light Yellow,Asian Paints,High Gloss Finish,Inventory,Paint,Glossy,NoGrain,0.3,244,0,7808,8,4,NA,NA,NA,NA,0,0,0,0,0,0,0,0,0,0,,,,,,,,,,,,,,,,,
3FO3FPO576LO,PU5008HG,PU5008,Light Cream,Asian Paints,High Gloss Finish,Inventory,Paint,Glossy,NoGrain,0.3,244,0,7808,8,4,NA,NA,NA,NA,0,0,0,0,0,0,0,0,0,0,,,,,,,,,,,,,,,,,
3FO3FPORWHOJ,PU0446HG,PU0446,Vanilla,Asian Paints,High Gloss Finish,Inventory,Paint,Glossy,NoGrain,0.3,244,0,7808,8,4,NA,NA,NA,NA,0,0,0,0,0,0,0,0,0,0,,,,,,,,,,,,,,,,,
3FO3FPO57JYS,PU5132HG,PU5132,Amber Yellow,Asian Paints,High Gloss Finish,Inventory,Paint,Glossy,NoGrain,0.3,244,0,7808,8,4,NA,NA,NA,NA,0,0,0,0,0,0,0,0,0,0,,,,,,,,,,,,,,,,,
3FO3FPOSJXG9,PU8079HG,PU8079,Sugar Clay,Asian Paints,High Gloss Finish,Inventory,Paint,Glossy,NoGrain,0.3,244,0,7808,8,4,NA,NA,NA,NA,0,0,0,0,0,0,0,0,0,0,,,,,,,,,,,,,,,,,
3FO3FPOVR3WS,PU0354HG,PU0354,Summer Tan,Asian Paints,High Gloss Finish,Inventory,Paint,Glossy,NoGrain,0.3,244,0,7808,8,4,NA,NA,NA,NA,0,0,0,0,0,0,0,0,0,0,,,,,,,,,,,,,,,,,
3FO3FPOSK1SA,PU0356HG,PU0356,Salt Pepper,Asian Paints,High Gloss Finish,Inventory,Paint,Glossy,NoGrain,0.3,244,0,7808,8,4,NA,NA,NA,NA,0,0,0,0,0,0,0,0,0,0,,,,,,,,,,,,,,,,,
3FO3FPNV3AFB,RAL1019HG,RAL1019,Grey Beige,Asian Paints,High Gloss Finish,Inventory,Paint,Glossy,NoGrain,0.3,244,0,7808,8,4,NA,NA,NA,NA,0,0,0,0,0,0,0,0,0,0,,,,,,,,,,,,,,,,,
3FO3FPORWODL,RAL1018HG,RAL1018,Zinc Yellow,Asian Paints,High Gloss Finish,Inventory,Paint,Glossy,NoGrain,0.3,244,0,7808,8,4,NA,NA,NA,NA,0,0,0,0,0,0,0,0,0,0,,,,,,,,,,,,,,,,,
3FO3FPOUXFT8,RAL1012HG,RAL1012,Lemon Yellow,Asian Paints,High Gloss Finish,Inventory,Paint,Glossy,NoGrain,0.3,244,0,7808,8,4,NA,NA,NA,NA,0,0,0,0,0,0,0,0,0,0,,,,,,,,,,,,,,,,,
3FO3FPP1MCCP,PU5006HG,PU5006,Ochre,Asian Paints,High Gloss Finish,Inventory,Paint,Glossy,NoGrain,0.3,244,0,7808,8,4,NA,NA,NA,NA,0,0,0,0,0,0,0,0,0,0,,,,,,,,,,,,,,,,,
3FO3FPNSK47X,RAL1003HG,RAL1003,Signal Yellow,Asian Paints,High Gloss Finish,Inventory,Paint,Glossy,NoGrain,0.3,244,0,7808,8,4,NA,NA,NA,NA,0,0,0,0,0,0,0,0,0,0,,,,,,,,,,,,,,,,,
3FO3FPNV3KGE,RAL1005HG,RAL1005,Honey Yellow,Asian Paints,High Gloss Finish,Inventory,Paint,Glossy,NoGrain,0.3,244,0,7808,8,4,NA,NA,NA,NA,0,0,0,0,0,0,0,0,0,0,,,,,,,,,,,,,,,,,
3FO3FPNSJWIV,PU5133HG,PU5133,Sienna,Asian Paints,High Gloss Finish,Inventory,Paint,Glossy,NoGrain,0.3,244,0,7808,8,4,NA,NA,NA,NA,0,0,0,0,0,0,0,0,0,0,,,,,,,,,,,,,,,,,
3FO3FPOYDM66,PU8004HG,PU8004,Pebble Peach,Asian Paints,High Gloss Finish,Inventory,Paint,Glossy,NoGrain,0.3,244,0,7808,8,4,NA,NA,NA,NA,0,0,0,0,0,0,0,0,0,0,,,,,,,,,,,,,,,,,
3FO3FPP1N0QW,RAL1034HG,RAL1034,Pastel Yellow,Asian Paints,High Gloss Finish,Inventory,Paint,Glossy,NoGrain,0.3,244,0,7808,8,4,NA,NA,NA,NA,0,0,0,0,0,0,0,0,0,0,,,,,,,,,,,,,,,,,
3FO3FPOYBPAL,PU5017HG,PU5017,Oxide Yellow,Asian Paints,High Gloss Finish,Inventory,Paint,Glossy,NoGrain,0.3,244,0,7808,8,4,NA,NA,NA,NA,0,0,0,0,0,0,0,0,0,0,,,,,,,,,,,,,,,,,
3FO3FPNSJMHS,PU8016HG,PU8016,Rusty Peach,Asian Paints,High Gloss Finish,Inventory,Paint,Glossy,NoGrain,0.3,244,0,7808,8,4,NA,NA,NA,NA,0,0,0,0,0,0,0,0,0,0,,,,,,,,,,,,,,,,,
3FO3FPNSIUQK,RAL2000HG,RAL2000,Yellow Orange,Asian Paints,High Gloss Finish,Inventory,Paint,Glossy,NoGrain,0.3,244,0,7808,8,4,NA,NA,NA,NA,0,0,0,0,0,0,0,0,0,0,,,,,,,,,,,,,,,,,
3FO3FPOBRI7K,PU0458HG,PU0458,Pristine Cream,Asian Paints,High Gloss Finish,Inventory,Paint,Glossy,NoGrain,0.3,244,0,7808,8,4,NA,NA,NA,NA,0,0,0,0,0,0,0,0,0,0,,,,,,,,,,,,,,,,,
3FO3FPNSMHSN,PU5014HG,PU5014,Larch,Asian Paints,High Gloss Finish,Inventory,Paint,Glossy,NoGrain,0.3,244,0,7808,8,4,NA,NA,NA,NA,0,0,0,0,0,0,0,0,0,0,,,,,,,,,,,,,,,,,
3FO3FPOWEN1J,PU8010HG,PU8010,Peanyt Cream,Asian Paints,High Gloss Finish,Inventory,Paint,Glossy,NoGrain,0.3,244,0,7808,8,4,NA,NA,NA,NA,0,0,0,0,0,0,0,0,0,0,,,,,,,,,,,,,,,,,
3FO3FPP1OTAG,PU8011HG,PU8011,Rosy Peach,Asian Paints,High Gloss Finish,Inventory,Paint,Glossy,NoGrain,0.3,244,0,7808,8,4,NA,NA,NA,NA,0,0,0,0,0,0,0,0,0,0,,,,,,,,,,,,,,,,,
3FO3FPOVQW8Q,PU8013HG,PU8013,Preachy Peach,Asian Paints,High Gloss Finish,Inventory,Paint,Glossy,NoGrain,0.3,244,0,7808,8,4,NA,NA,NA,NA,0,0,0,0,0,0,0,0,0,0,,,,,,,,,,,,,,,,,
3FO3FPODYOVN,RAL3012HG,RAL3012,Beige Red,Asian Paints,High Gloss Finish,Inventory,Paint,Glossy,NoGrain,0.3,244,0,7808,8,4,NA,NA,NA,NA,0,0,0,0,0,0,0,0,0,0,,,,,,,,,,,,,,,,,
3FO3FPORW4BF,PU8025HG,PU8025,Blushed Magenta,Asian Paints,High Gloss Finish,Inventory,Paint,Glossy,NoGrain,0.3,244,0,7808,8,4,NA,NA,NA,NA,0,0,0,0,0,0,0,0,0,0,,,,,,,,,,,,,,,,,
3FO3FPOYDW79,PU8026HG,PU8026,Pinched Magenta,Asian Paints,High Gloss Finish,Inventory,Paint,Glossy,NoGrain,0.3,244,0,7808,8,4,NA,NA,NA,NA,0,0,0,0,0,0,0,0,0,0,,,,,,,,,,,,,,,,,
3FO3FRV9ELVR,RAL4002HG,RAL4002,Red Violet,Asian Paints,High Gloss Finish,Inventory,Paint,Glossy,NoGrain,0.3,244,0,7808,8,4,NA,NA,NA,NA,0,0,0,0,0,0,0,0,0,0,,,,,,,,,,,,,,,,,
3FO3FPUUV13O,PU8023HG,PU8023,Royal pink,Asian Paints,High Gloss Finish,Inventory,Paint,Glossy,NoGrain,0.3,244,0,7808,8,4,NA,NA,NA,NA,0,0,0,0,0,0,0,0,0,0,,,,,,,,,,,,,,,,,
3FO3FPO7OV3W,PU5041HG,PU5041,Burgundy,Asian Paints,High Gloss Finish,Inventory,Paint,Glossy,NoGrain,0.3,244,0,7808,8,4,NA,NA,NA,NA,0,0,0,0,0,0,0,0,0,0,,,,,,,,,,,,,,,,,
3FO3FPODXN4C,PU5023HG,PU5023,Pink,Asian Paints,High Gloss Finish,Inventory,Paint,Glossy,NoGrain,0.3,244,0,7808,8,4,NA,NA,NA,NA,0,0,0,0,0,0,0,0,0,0,,,,,,,,,,,,,,,,,
3FO3FPV44WD3,PU5033HG,PU5033,Candid Pink,Asian Paints,High Gloss Finish,Inventory,Paint,Glossy,NoGrain,0.3,244,0,7808,8,4,NA,NA,NA,NA,0,0,0,0,0,0,0,0,0,0,,,,,,,,,,,,,,,,,
3FO3FPOWEGCH,PU5043HG,PU5043,Pastel Rose,Asian Paints,High Gloss Finish,Inventory,Paint,Glossy,NoGrain,0.3,244,0,7808,8,4,NA,NA,NA,NA,0,0,0,0,0,0,0,0,0,0,,,,,,,,,,,,,,,,,
3FO3FPP1RRXC,RAL3015HG,RAL3015,Light Pink,Asian Paints,High Gloss Finish,Inventory,Paint,Glossy,NoGrain,0.3,244,0,7808,8,4,NA,NA,NA,NA,0,0,0,0,0,0,0,0,0,0,,,,,,,,,,,,,,,,,
3FO3FPO57U0V,RAL3014HG,RAL3014,Antique Pink,Asian Paints,High Gloss Finish,Inventory,Paint,Glossy,NoGrain,0.3,244,0,7808,8,4,NA,NA,NA,NA,0,0,0,0,0,0,0,0,0,0,,,,,,,,,,,,,,,,,
3FO3FPO5SDW1,RAL3022HG,RAL3022,Salmon Pink,Asian Paints,High Gloss Finish,Inventory,Paint,Glossy,NoGrain,0.3,244,0,7808,8,4,NA,NA,NA,NA,0,0,0,0,0,0,0,0,0,0,,,,,,,,,,,,,,,,,
3FO3FPOBQD38,RAL2002HG,RAL2002,Vermillion,Asian Paints,High Gloss Finish,Inventory,Paint,Glossy,NoGrain,0.3,244,0,7808,8,4,NA,NA,NA,NA,0,0,0,0,0,0,0,0,0,0,,,,,,,,,,,,,,,,,
3FO3FPV1SIJQ,PU0323HG,PU0323,Code Red,Asian Paints,High Gloss Finish,Inventory,Paint,Glossy,NoGrain,0.3,244,0,7808,8,4,NA,NA,NA,NA,0,0,0,0,0,0,0,0,0,0,,,,,,,,,,,,,,,,,
3FO3FPUXQW0U,PU0438HG,PU0438,Moody Red,Asian Paints,High Gloss Finish,Inventory,Paint,Glossy,NoGrain,0.3,244,0,7808,8,4,NA,NA,NA,NA,0,0,0,0,0,0,0,0,0,0,,,,,,,,,,,,,,,,,
3FO3FPO7OYFX,PU5038HG,PU5038,Berry Red,Asian Paints,High Gloss Finish,Inventory,Paint,Glossy,NoGrain,0.3,244,0,7808,8,4,NA,NA,NA,NA,0,0,0,0,0,0,0,0,0,0,,,,,,,,,,,,,,,,,
3FO3FPNUYGO6,PU8024HG,PU8024,Red Oxide Brown,Asian Paints,High Gloss Finish,Inventory,Paint,Glossy,NoGrain,0.3,244,0,7808,8,4,NA,NA,NA,NA,0,0,0,0,0,0,0,0,0,0,,,,,,,,,,,,,,,,,
3FO3FPP1MJ1R,PU8031HG,PU8031,Pastel Pink,Asian Paints,High Gloss Finish,Inventory,Paint,Glossy,NoGrain,0.3,244,0,7808,8,4,NA,NA,NA,NA,0,0,0,0,0,0,0,0,0,0,,,,,,,,,,,,,,,,,
3FO3FPOUXJ69,PU5051HG,PU5051,Lavender,Asian Paints,High Gloss Finish,Inventory,Paint,Glossy,NoGrain,0.3,244,0,7808,8,4,NA,NA,NA,NA,0,0,0,0,0,0,0,0,0,0,,,,,,,,,,,,,,,,,
3FO3FPUXOBQ3,PU5048HG,PU5048,Floral Violet,Asian Paints,High Gloss Finish,Inventory,Paint,Glossy,NoGrain,0.3,244,0,7808,8,4,NA,NA,NA,NA,0,0,0,0,0,0,0,0,0,0,,,,,,,,,,,,,,,,,
3FO3FPNV3NSF,PU0310HG,PU0310,Lavender Burst,Asian Paints,High Gloss Finish,Inventory,Paint,Glossy,NoGrain,0.3,244,0,7808,8,4,NA,NA,NA,NA,0,0,0,0,0,0,0,0,0,0,,,,,,,,,,,,,,,,,
3FO3FPUUUTEM,PU8027HG,PU8027,Rouge Velvet,Asian Paints,High Gloss Finish,Inventory,Paint,Glossy,NoGrain,0.3,244,0,7808,8,4,NA,NA,NA,NA,0,0,0,0,0,0,0,0,0,0,,,,,,,,,,,,,,,,,
3FO3FPO5S77Y,PU8029HG,PU8029,Rosewood Pink,Asian Paints,High Gloss Finish,Inventory,Paint,Glossy,NoGrain,0.3,244,0,7808,8,4,NA,NA,NA,NA,0,0,0,0,0,0,0,0,0,0,,,,,,,,,,,,,,,,,
3FO3FPP1OWMH,PU0301HG,PU0301,Pink Lilac,Asian Paints,High Gloss Finish,Inventory,Paint,Glossy,NoGrain,0.3,244,0,7808,8,4,NA,NA,NA,NA,0,0,0,0,0,0,0,0,0,0,,,,,,,,,,,,,,,,,
3FO3FPV4PQAB,PU5052HG,PU5052,Sunset Nuance,Asian Paints,High Gloss Finish,Inventory,Paint,Glossy,NoGrain,0.3,244,0,7808,8,4,NA,NA,NA,NA,0,0,0,0,0,0,0,0,0,0,,,,,,,,,,,,,,,,,
3FO3FPP1PL1O,PU5165HG,PU5165,Hinge Grey,Asian Paints,High Gloss Finish,Inventory,Paint,Glossy,NoGrain,0.3,244,0,7808,8,4,NA,NA,NA,NA,0,0,0,0,0,0,0,0,0,0,,,,,,,,,,,,,,,,,
3FO3FPNV1K8S,PU8037HG,PU8037,Steel Indigo,Asian Paints,High Gloss Finish,Inventory,Paint,Glossy,NoGrain,0.3,244,0,7808,8,4,NA,NA,NA,NA,0,0,0,0,0,0,0,0,0,0,,,,,,,,,,,,,,,,,
3FO3FPO7O4CO,PU8036HG,PU8036,Grey Indigo,Asian Paints,High Gloss Finish,Inventory,Paint,Glossy,NoGrain,0.3,244,0,7808,8,4,NA,NA,NA,NA,0,0,0,0,0,0,0,0,0,0,,,,,,,,,,,,,,,,,
3FO3FPODYI7L,PU5069HG,PU5069,Artic Blue,Asian Paints,High Gloss Finish,Inventory,Paint,Glossy,NoGrain,0.3,244,0,7808,8,4,NA,NA,NA,NA,0,0,0,0,0,0,0,0,0,0,,,,,,,,,,,,,,,,,
3FO3FPV1QP17,PU8040HG,PU8040,Cement Blue,Asian Paints,High Gloss Finish,Inventory,Paint,Glossy,NoGrain,0.3,244,0,7808,8,4,NA,NA,NA,NA,0,0,0,0,0,0,0,0,0,0,,,,,,,,,,,,,,,,,
3FO3FPOYF2BL,PU0470HG,PU0470,Harbour Wind,Asian Paints,High Gloss Finish,Inventory,Paint,Glossy,NoGrain,0.3,244,0,7808,8,4,NA,NA,NA,NA,0,0,0,0,0,0,0,0,0,0,,,,,,,,,,,,,,,,,
3FO3FPOBR86H,RAL5014HG,RAL5014,Pigeon Blue,Asian Paints,High Gloss Finish,Inventory,Paint,Glossy,NoGrain,0.3,244,0,7808,8,4,NA,NA,NA,NA,0,0,0,0,0,0,0,0,0,0,,,,,,,,,,,,,,,,,
3FO3FPUXO1P0,PU0305HG,PU0305,Violet,Asian Paints,High Gloss Finish,Inventory,Paint,Glossy,NoGrain,0.3,244,0,7808,8,4,NA,NA,NA,NA,0,0,0,0,0,0,0,0,0,0,,,,,,,,,,,,,,,,,
3FO3FPP1QTI2,PU5059HG,PU5059,Cobalt Indigo,Asian Paints,High Gloss Finish,Inventory,Paint,Glossy,NoGrain,0.3,244,0,7808,8,4,NA,NA,NA,NA,0,0,0,0,0,0,0,0,0,0,,,,,,,,,,,,,,,,,
3FO3FPO7P2RY,RAL5013HG,RAL5013,Cobalt Blue,Asian Paints,High Gloss Finish,Inventory,Paint,Glossy,NoGrain,0.3,244,0,7808,8,4,NA,NA,NA,NA,0,0,0,0,0,0,0,0,0,0,,,,,,,,,,,,,,,,,
3FO3FPO7P9H1,PU5063HG,PU5063,Desert Night,Asian Paints,High Gloss Finish,Inventory,Paint,Glossy,NoGrain,0.3,244,0,7808,8,4,NA,NA,NA,NA,0,0,0,0,0,0,0,0,0,0,,,,,,,,,,,,,,,,,
3FO3FPO579XP,PU5113HG,PU5113,Ice White,Asian Paints,High Gloss Finish,Inventory,Paint,Glossy,NoGrain,0.3,244,0,7808,8,4,NA,NA,NA,NA,0,0,0,0,0,0,0,0,0,0,,,,,,,,,,,,,,,,,
3FO3FPNV2M14,PU0473HG,PU0473,Morning Mist,Asian Paints,High Gloss Finish,Inventory,Paint,Glossy,NoGrain,0.3,244,0,7808,8,4,NA,NA,NA,NA,0,0,0,0,0,0,0,0,0,0,,,,,,,,,,,,,,,,,
3FO3FPUXQPBS,PU8085HG,PU8085,MIsty Green,Asian Paints,High Gloss Finish,Inventory,Paint,Glossy,NoGrain,0.3,244,0,7808,8,4,NA,NA,NA,NA,0,0,0,0,0,0,0,0,0,0,,,,,,,,,,,,,,,,,
3FO3FPOYERAI,PU8070HG,PU8070,Grey Mangrove,Asian Paints,High Gloss Finish,Inventory,Paint,Glossy,NoGrain,0.3,244,0,7808,8,4,NA,NA,NA,NA,0,0,0,0,0,0,0,0,0,0,,,,,,,,,,,,,,,,,
3FO3FPP1NUU6,PU8075HG,PU8075,Stone Green,Asian Paints,High Gloss Finish,Inventory,Paint,Glossy,NoGrain,0.3,244,0,7808,8,4,NA,NA,NA,NA,0,0,0,0,0,0,0,0,0,0,,,,,,,,,,,,,,,,,
3FO3FPOUVC9L,PU0371HG,PU0371,Tranquil,Asian Paints,High Gloss Finish,Inventory,Paint,Glossy,NoGrain,0.3,244,0,7808,8,4,NA,NA,NA,NA,0,0,0,0,0,0,0,0,0,0,,,,,,,,,,,,,,,,,
3FO3FPOYDSU8,PU8086HG,PU8086,Pine Shadow,Asian Paints,High Gloss Finish,Inventory,Paint,Glossy,NoGrain,0.3,244,0,7808,8,4,NA,NA,NA,NA,0,0,0,0,0,0,0,0,0,0,,,,,,,,,,,,,,,,,
3FO3FPOYC0BO,RAL6021HG,RAL6021,Pale Green,Asian Paints,High Gloss Finish,Inventory,Paint,Glossy,NoGrain,0.3,244,0,7808,8,4,NA,NA,NA,NA,0,0,0,0,0,0,0,0,0,0,,,,,,,,,,,,,,,,,
3FO3FPOYEAKD,RAL6011HG,RAL6011,Resada Green,Asian Paints,High Gloss Finish,Inventory,Paint,Glossy,NoGrain,0.3,244,0,7808,8,4,NA,NA,NA,NA,0,0,0,0,0,0,0,0,0,0,,,,,,,,,,,,,,,,,
3FO3FPV430HI,PU0373HG,PU0373,Wind Sweep,Asian Paints,High Gloss Finish,Inventory,Paint,Glossy,NoGrain,0.3,244,0,7808,8,4,NA,NA,NA,NA,0,0,0,0,0,0,0,0,0,0,,,,,,,,,,,,,,,,,
3FO3FPOVSFQ7,PU8087HG,PU8087,Charcoal Green,Asian Paints,High Gloss Finish,Inventory,Paint,Glossy,NoGrain,0.3,244,0,7808,8,4,NA,NA,NA,NA,0,0,0,0,0,0,0,0,0,0,,,,,,,,,,,,,,,,,
3FO3FPOVR0KR,PU8058HG,PU8058,Powder Pistachio,Asian Paints,High Gloss Finish,Inventory,Paint,Glossy,NoGrain,0.3,244,0,7808,8,4,NA,NA,NA,NA,0,0,0,0,0,0,0,0,0,0,,,,,,,,,,,,,,,,,
3FO3FPOM20G3,PU8065HG,PU8065,Pearly Pistachio,Asian Paints,High Gloss Finish,Inventory,Paint,Glossy,NoGrain,0.3,244,0,7808,8,4,NA,NA,NA,NA,0,0,0,0,0,0,0,0,0,0,,,,,,,,,,,,,,,,,
3FO3FPUUUMPK,PU8063HG,PU8063,Pistachio Break,Asian Paints,High Gloss Finish,Inventory,Paint,Glossy,NoGrain,0.3,244,0,7808,8,4,NA,NA,NA,NA,0,0,0,0,0,0,0,0,0,0,,,,,,,,,,,,,,,,,
3FO3FPOYCUEX,PU8059HG,PU8059,Stoic Pistachio,Asian Paints,High Gloss Finish,Inventory,Paint,Glossy,NoGrain,0.3,244,0,7808,8,4,NA,NA,NA,NA,0,0,0,0,0,0,0,0,0,0,,,,,,,,,,,,,,,,,
3FO3FPV4QEOI,RAL6034HG,RAL6034,Pastel Turquoise,Asian Paints,High Gloss Finish,Inventory,Paint,Glossy,NoGrain,0.3,244,0,7808,8,4,NA,NA,NA,NA,0,0,0,0,0,0,0,0,0,0,,,,,,,,,,,,,,,,,
3FO3FPOBREUJ,PU8060HG,PU8060,Rich Pistachio,Asian Paints,High Gloss Finish,Inventory,Paint,Glossy,NoGrain,0.3,244,0,7808,8,4,NA,NA,NA,NA,0,0,0,0,0,0,0,0,0,0,,,,,,,,,,,,,,,,,
3FO3FPOYGUU5,RAL6033HG,RAL6033,Mint Turquoise,Asian Paints,High Gloss Finish,Inventory,Paint,Glossy,NoGrain,0.3,244,0,7808,8,4,NA,NA,NA,NA,0,0,0,0,0,0,0,0,0,0,,,,,,,,,,,,,,,,,
3FO3FPOUT20W,RAL6000HG,RAL6000,Patina Green,Asian Paints,High Gloss Finish,Inventory,Paint,Glossy,NoGrain,0.3,244,0,7808,8,4,NA,NA,NA,NA,0,0,0,0,0,0,0,0,0,0,,,,,,,,,,,,,,,,,
3FO3FPOUV8WK,RAL6004HG,RAL6004,Blue Green,Asian Paints,High Gloss Finish,Inventory,Paint,Glossy,NoGrain,0.3,244,0,7808,8,4,NA,NA,NA,NA,0,0,0,0,0,0,0,0,0,0,,,,,,,,,,,,,,,,,
3FO3FPV43R8Q,RAL6009HG,RAL6009,Fir Green,Asian Paints,High Gloss Finish,Inventory,Paint,Glossy,NoGrain,0.3,244,0,7808,8,4,NA,NA,NA,NA,0,0,0,0,0,0,0,0,0,0,,,,,,,,,,,,,,,,,
3FO3FPP1PB0L,PU5114HG,PU5114,Shadow Of Grey,Asian Paints,High Gloss Finish,Inventory,Paint,Glossy,NoGrain,0.3,244,0,7808,8,4,NA,NA,NA,NA,0,0,0,0,0,0,0,0,0,0,,,,,,,,,,,,,,,,,
3FO3FPUXLN4A,RAL9018HG,RAL9018,Papyrus White,Asian Paints,High Gloss Finish,Inventory,Paint,Glossy,NoGrain,0.3,244,0,7808,8,4,NA,NA,NA,NA,0,0,0,0,0,0,0,0,0,0,,,,,,,,,,,,,,,,,
3FO3FPNV16UO,PU8053HG,PU8053,Ash Blue,Asian Paints,High Gloss Finish,Inventory,Paint,Glossy,NoGrain,0.3,244,0,7808,8,4,NA,NA,NA,NA,0,0,0,0,0,0,0,0,0,0,,,,,,,,,,,,,,,,,
3FO3FPUXOP47,PU0472HG,PU0472,Ice Mint,Asian Paints,High Gloss Finish,Inventory,Paint,Glossy,NoGrain,0.3,244,0,7808,8,4,NA,NA,NA,NA,0,0,0,0,0,0,0,0,0,0,,,,,,,,,,,,,,,,,
3FO3FPODXTSE,PU8045HG,PU8045,Powder Sky,Asian Paints,High Gloss Finish,Inventory,Paint,Glossy,NoGrain,0.3,244,0,7808,8,4,NA,NA,NA,NA,0,0,0,0,0,0,0,0,0,0,,,,,,,,,,,,,,,,,
3FO3FPUXNNBV,PU0328HG,PU0328,Satin Blue,Asian Paints,High Gloss Finish,Inventory,Paint,Glossy,NoGrain,0.3,244,0,7808,8,4,NA,NA,NA,NA,0,0,0,0,0,0,0,0,0,0,,,,,,,,,,,,,,,,,
3FO3FPUXOF34,PU0329HG,PU0329,Dove Grey,Asian Paints,High Gloss Finish,Inventory,Paint,Glossy,NoGrain,0.3,244,0,7808,8,4,NA,NA,NA,NA,0,0,0,0,0,0,0,0,0,0,,,,,,,,,,,,,,,,,
3FO3FPOVSCE6,PU0469HG,PU0469,Mystic Grey,Asian Paints,High Gloss Finish,Inventory,Paint,Glossy,NoGrain,0.3,244,0,7808,8,4,NA,NA,NA,NA,0,0,0,0,0,0,0,0,0,0,,,,,,,,,,,,,,,,,
3FO3FPOVSJ38,PU0324HG,PU0324,Cerulean Blue,Asian Paints,High Gloss Finish,Inventory,Paint,Glossy,NoGrain,0.3,244,0,7808,8,4,NA,NA,NA,NA,0,0,0,0,0,0,0,0,0,0,,,,,,,,,,,,,,,,,
3FO3FPNSLMPE,RAL5009HG,RAL5009,Azure Blue,Asian Paints,High Gloss Finish,Inventory,Paint,Glossy,NoGrain,0.3,244,0,7808,8,4,NA,NA,NA,NA,0,0,0,0,0,0,0,0,0,0,,,,,,,,,,,,,,,,,
3FO3FPUXOSG8,PU0372HG,PU0372,Grassland,Asian Paints,High Gloss Finish,Inventory,Paint,Glossy,NoGrain,0.3,244,0,7808,8,4,NA,NA,NA,NA,0,0,0,0,0,0,0,0,0,0,,,,,,,,,,,,,,,,,
3FO3FPOYGY76,RAL6027HG,RAL6027,Light Green,Asian Paints,High Gloss Finish,Inventory,Paint,Glossy,NoGrain,0.3,244,0,7808,8,4,NA,NA,NA,NA,0,0,0,0,0,0,0,0,0,0,,,,,,,,,,,,,,,,,
3FO3FPORW0YE,PU8055HG,PU8055,Blushed Trees,Asian Paints,High Gloss Finish,Inventory,Paint,Glossy,NoGrain,0.3,244,0,7808,8,4,NA,NA,NA,NA,0,0,0,0,0,0,0,0,0,0,,,,,,,,,,,,,,,,,
3FO3FPNSIO2I,RAL5018HG,RAL5018,Turquoise Blue,Asian Paints,High Gloss Finish,Inventory,Paint,Glossy,NoGrain,0.3,244,0,7808,8,4,NA,NA,NA,NA,0,0,0,0,0,0,0,0,0,0,,,,,,,,,,,,,,,,,
3FO3FPOYD240,PU0397HG,PU0397,Swirl,Asian Paints,High Gloss Finish,Inventory,Paint,Glossy,NoGrain,0.3,244,0,7808,8,4,NA,NA,NA,NA,0,0,0,0,0,0,0,0,0,0,,,,,,,,,,,,,,,,,
3FO3FPOUTPF4,PU5085HG,PU5085,River Green,Asian Paints,High Gloss Finish,Inventory,Paint,Glossy,NoGrain,0.3,244,0,7808,8,4,NA,NA,NA,NA,0,0,0,0,0,0,0,0,0,0,,,,,,,,,,,,,,,,,
3FO3FPP1Q2QT,RAL7035HG,RAL7035,Light Grey,Asian Paints,High Gloss Finish,Inventory,Paint,Glossy,NoGrain,0.3,244,0,7808,8,4,NA,NA,NA,NA,0,0,0,0,0,0,0,0,0,0,,,,,,,,,,,,,,,,,
3FO3FPOBS6LR,PU5151HG,PU5151,Grey,Asian Paints,High Gloss Finish,Inventory,Paint,Glossy,NoGrain,0.3,244,0,7808,8,4,NA,NA,NA,NA,0,0,0,0,0,0,0,0,0,0,,,,,,,,,,,,,,,,,
3FO3FPOUT5CX,PU0464HG,PU0464,Para View,Asian Paints,High Gloss Finish,Inventory,Paint,Glossy,NoGrain,0.3,244,0,7808,8,4,NA,NA,NA,NA,0,0,0,0,0,0,0,0,0,0,,,,,,,,,,,,,,,,,
3FO3FPOYEH9F,PU0383HG,PU0383,Cool Ash,Asian Paints,High Gloss Finish,Inventory,Paint,Glossy,NoGrain,0.3,244,0,7808,8,4,NA,NA,NA,NA,0,0,0,0,0,0,0,0,0,0,,,,,,,,,,,,,,,,,
3FO3FPOUT8OY,RAL7036HG,RAL7036,Platinum Grey,Asian Paints,High Gloss Finish,Inventory,Paint,Glossy,NoGrain,0.3,244,0,7808,8,4,NA,NA,NA,NA,0,0,0,0,0,0,0,0,0,0,,,,,,,,,,,,,,,,,
3FO3FPNV1QWU,RAL7040HG,RAL7040,Window Grey,Asian Paints,High Gloss Finish,Inventory,Paint,Glossy,NoGrain,0.3,244,0,7808,8,4,NA,NA,NA,NA,0,0,0,0,0,0,0,0,0,0,,,,,,,,,,,,,,,,,
3FO3FPO5UHGN,RAL7042HG,RAL7042,Traffic Grey A,Asian Paints,High Gloss Finish,Inventory,Paint,Glossy,NoGrain,0.3,244,0,7808,8,4,NA,NA,NA,NA,0,0,0,0,0,0,0,0,0,0,,,,,,,,,,,,,,,,,
3FO3FPOYEXYK,PU5153HG,PU5153,Hydro Grey,Asian Paints,High Gloss Finish,Inventory,Paint,Glossy,NoGrain,0.3,244,0,7808,8,4,NA,NA,NA,NA,0,0,0,0,0,0,0,0,0,0,,,,,,,,,,,,,,,,,
3FO3FPOUWE1W,PU5156HG,PU5156,Medium Grey,Asian Paints,High Gloss Finish,Inventory,Paint,Glossy,NoGrain,0.3,244,0,7808,8,4,NA,NA,NA,NA,0,0,0,0,0,0,0,0,0,0,,,,,,,,,,,,,,,,,
3FO3FPO5SKL3,PU5157HG,PU5157,Shadow Grey,Asian Paints,High Gloss Finish,Inventory,Paint,Glossy,NoGrain,0.3,244,0,7808,8,4,NA,NA,NA,NA,0,0,0,0,0,0,0,0,0,0,,,,,,,,,,,,,,,,,
3FO3FPV43UKR,RAL7024HG,RAL7024,Graphite Grey,Asian Paints,High Gloss Finish,Inventory,Paint,Glossy,NoGrain,0.3,244,0,7808,8,4,NA,NA,NA,NA,0,0,0,0,0,0,0,0,0,0,,,,,,,,,,,,,,,,,
3FO3FPOYH5V8,PU0379HG,PU0379,Monsoon Cloud,Asian Paints,High Gloss Finish,Inventory,Paint,Glossy,NoGrain,0.3,244,0,7808,8,4,NA,NA,NA,NA,0,0,0,0,0,0,0,0,0,0,,,,,,,,,,,,,,,,,
3FO3FPOBSXD0,PU5168HG,PU5168,Baked Brownie,Asian Paints,High Gloss Finish,Inventory,Paint,Glossy,NoGrain,0.3,244,0,7808,8,4,NA,NA,NA,NA,0,0,0,0,0,0,0,0,0,0,,,,,,,,,,,,,,,,,
3FO3FPO5UKSO,PU8117HG,PU8117,Stone Shadow,Asian Paints,High Gloss Finish,Inventory,Paint,Glossy,NoGrain,0.3,244,0,7808,8,4,NA,NA,NA,NA,0,0,0,0,0,0,0,0,0,0,,,,,,,,,,,,,,,,,
3FO3FPOBRLJL,PU5159HG,PU5159,Dark Grey,Asian Paints,High Gloss Finish,Inventory,Paint,Glossy,NoGrain,0.3,244,0,7808,8,4,NA,NA,NA,NA,0,0,0,0,0,0,0,0,0,0,,,,,,,,,,,,,,,,,
3FO3FPODWYP5,RAL7043HG,RAL7043,Traffic Grey B,Asian Paints,High Gloss Finish,Inventory,Paint,Glossy,NoGrain,0.3,244,0,7808,8,4,NA,NA,NA,NA,0,0,0,0,0,0,0,0,0,0,,,,,,,,,,,,,,,,,
3FO3FPV44FMX,RAL7016HG,RAL7016,Anthracite Grey,Asian Paints,High Gloss Finish,Inventory,Paint,Glossy,NoGrain,0.3,244,0,7808,8,4,NA,NA,NA,NA,0,0,0,0,0,0,0,0,0,0,,,,,,,,,,,,,,,,,
3FO3FPUUWJL5,RAL8022HG,RAL8022,Black Brown,Asian Paints,High Gloss Finish,Inventory,Paint,Glossy,NoGrain,0.3,244,0,7808,8,4,NA,NA,NA,NA,0,0,0,0,0,0,0,0,0,0,,,,,,,,,,,,,,,,,
3FO3FPODWOO2,RAL9004HG,RAL9004,Signal Black,Asian Paints,High Gloss Finish,Inventory,Paint,Glossy,NoGrain,0.3,244,0,7808,8,4,NA,NA,NA,NA,0,0,0,0,0,0,0,0,0,0,,,,,,,,,,,,,,,,,
3FO3FPNV3H4D,RAL9005HG,RAL9005,Jet Black,Asian Paints,High Gloss Finish,Inventory,Paint,Glossy,NoGrain,0.3,244,0,7808,8,4,NA,NA,NA,NA,0,0,0,0,0,0,0,0,0,0,,,,,,,,,,,,,,,,,
3FO3FPOYEKLG,RAL9011HG,RAL9011,Graphite Black,Asian Paints,High Gloss Finish,Inventory,Paint,Glossy,NoGrain,0.3,244,0,7808,8,4,NA,NA,NA,NA,0,0,0,0,0,0,0,0,0,0,,,,,,,,,,,,,,,,,
3FO3FPO7NWNM,PU5182HG,PU5182,Gold Leaf,Asian Paints,High Gloss Finish,Inventory,Paint,Glossy,NoGrain,0.3,244,0,7808,8,4,NA,NA,NA,NA,0,0,0,0,0,0,0,0,0,0,,,,,,,,,,,,,,,,,
3FO3FPO5TJ1D,PU5212HG,PU5212,Pearl Gold,Asian Paints,High Gloss Finish,Inventory,Paint,Glossy,NoGrain,0.3,244,0,7808,8,4,NA,NA,NA,NA,0,0,0,0,0,0,0,0,0,0,,,,,,,,,,,,,,,,,
3FO3FPO7O10N,PU5183HG,PU5183,Gold Cristal,Asian Paints,High Gloss Finish,Inventory,Paint,Glossy,NoGrain,0.3,244,0,7808,8,4,NA,NA,NA,NA,0,0,0,0,0,0,0,0,0,0,,,,,,,,,,,,,,,,,
3FO3FPUUVEGS,PU5185HG,PU5185,Gold Atheua,Asian Paints,High Gloss Finish,Inventory,Paint,Glossy,NoGrain,0.3,244,0,7808,8,4,NA,NA,NA,NA,0,0,0,0,0,0,0,0,0,0,,,,,,,,,,,,,,,,,
3FO3FPOBRVKO,PU5186HG,PU5186,Gold Sable,Asian Paints,High Gloss Finish,Inventory,Paint,Glossy,NoGrain,0.3,244,0,7808,8,4,NA,NA,NA,NA,0,0,0,0,0,0,0,0,0,0,,,,,,,,,,,,,,,,,
3FO3FPUUWQA7,PU5188HG,PU5188,Copper,Asian Paints,High Gloss Finish,Inventory,Paint,Glossy,NoGrain,0.3,244,0,7808,8,4,NA,NA,NA,NA,0,0,0,0,0,0,0,0,0,0,,,,,,,,,,,,,,,,,
3FO3FPOVQSVP,PU5190HG,PU5190,Bronze,Asian Paints,High Gloss Finish,Inventory,Paint,Glossy,NoGrain,0.3,244,0,7808,8,4,NA,NA,NA,NA,0,0,0,0,0,0,0,0,0,0,,,,,,,,,,,,,,,,,
3FO3FPNUYU2A,PU5196HG,PU5196,Silver Brick,Asian Paints,High Gloss Finish,Inventory,Paint,Glossy,NoGrain,0.3,244,0,7808,8,4,NA,NA,NA,NA,0,0,0,0,0,0,0,0,0,0,,,,,,,,,,,,,,,,,
3FO3FPNSK0UW,PU5197HG,PU5197,Silver Oxide,Asian Paints,High Gloss Finish,Inventory,Paint,Glossy,NoGrain,0.3,244,0,7808,8,4,NA,NA,NA,NA,0,0,0,0,0,0,0,0,0,0,,,,,,,,,,,,,,,,,
3FO3FPV450P4,PU5193HG,PU5193,Daw Silver,Asian Paints,High Gloss Finish,Inventory,Paint,Glossy,NoGrain,0.3,244,0,7808,8,4,NA,NA,NA,NA,0,0,0,0,0,0,0,0,0,0,,,,,,,,,,,,,,,,,
3FO3FPP1MWEV,PU5219HG,PU5219,Pearl Dark Grey,Asian Paints,High Gloss Finish,Inventory,Paint,Glossy,NoGrain,0.3,244,0,7808,8,4,NA,NA,NA,NA,0,0,0,0,0,0,0,0,0,0,,,,,,,,,,,,,,,,,
3FO3FPV4P9K6,PU5220HG,PU5220,Pearl Mouse Grey,Asian Paints,High Gloss Finish,Inventory,Paint,Glossy,NoGrain,0.3,244,0,7808,8,4,NA,NA,NA,NA,0,0,0,0,0,0,0,0,0,0,,,,,,,,,,,,,,,,,
3FO3FPORY170,PU5192HG,PU5192,Golden Sandal,Asian Paints,High Gloss Finish,Inventory,Paint,Glossy,NoGrain,0.3,244,0,7808,8,4,NA,NA,NA,NA,0,0,0,0,0,0,0,0,0,0,,,,,,,,,,,,,,,,,
3FO3FPO5851Y,PU5187HG,PU5187,Gold Dusk,Asian Paints,High Gloss Finish,Inventory,Paint,Glossy,NoGrain,0.3,244,0,7808,8,4,NA,NA,NA,NA,0,0,0,0,0,0,0,0,0,0,,,,,,,,,,,,,,,,,
3FO3FPV4P2V4,PU5221HG,PU5221,Pearl Beige,Asian Paints,High Gloss Finish,Inventory,Paint,Glossy,NoGrain,0.3,244,0,7808,8,4,NA,NA,NA,NA,0,0,0,0,0,0,0,0,0,0,,,,,,,,,,,,,,,,,
3FO3FPOBRS8N,PU5191HG,PU5191,Golden Wax,Asian Paints,High Gloss Finish,Inventory,Paint,Glossy,NoGrain,0.3,244,0,7808,8,4,NA,NA,NA,NA,0,0,0,0,0,0,0,0,0,0,,,,,,,,,,,,,,,,,
3FO3FPUXOIF5,PU5207HG,PU5207,Golden Henna,Asian Paints,High Gloss Finish,Inventory,Paint,Glossy,NoGrain,0.3,244,0,7808,8,4,NA,NA,NA,NA,0,0,0,0,0,0,0,0,0,0,,,,,,,,,,,,,,,,,
3FO3GKDUHSS9,WC006,WC006,Closed Cane 006,SS,Cane,Inventory,Cane,Matt,VertGrain,1,255,0,12754.24,3,16.67,NA,NA,NA,NA,0,0,0,0,0,0,0,0,0,0,Done,Sindhu,21-07-2026,12754.24,,,,,,,,,,,,,
3FO3GKECO784,WC027,WC027,Closed Cane 027,SS,Cane,Inventory,Cane,Matt,VertGrain,1,255,0,12754.24,3,16.67,NA,NA,NA,NA,0,0,0,0,0,0,0,0,0,0,Done,Sindhu,21-07-2026,12754.24,,,,,,,,,,,,,
3FO3GKE3PXBF,WC018,WC018,Closed Cane 018,SS,Cane,Inventory,Cane,Matt,VertGrain,1,255,0,12754.24,3,16.67,NA,NA,NA,NA,0,0,0,0,0,0,0,0,0,0,Done,Sindhu,21-07-2026,12754.24,,,,,,,,,,,,,
3FO3GKE0SPKU,WC001,WC001,Closed Cane 001,SS,Cane,Inventory,Cane,Matt,VertGrain,1,255,0,12754.24,3,16.67,NA,NA,NA,NA,0,0,0,0,0,0,0,0,0,0,Done,Sindhu,21-07-2026,12754.24,,,,,,,,,,,,,
3FO3GKAXS8IO,WC014,WC014,Closed Cane 014,SS,Cane,Inventory,Cane,Matt,VertGrain,1,255,0,12754.24,3,16.67,NA,NA,NA,NA,0,0,0,0,0,0,0,0,0,0,Done,Sindhu,21-07-2026,12754.24,,,,,,,,,,,,,
3FO3GKEF81TO,WC011,WC011,Closed Cane 011,SS,Cane,Inventory,Cane,Matt,VertGrain,1,255,0,12754.24,3,16.67,NA,NA,NA,NA,0,0,0,0,0,0,0,0,0,0,Done,Sindhu,21-07-2026,12754.24,,,,,,,,,,,,,
3FO3GKE9OUWW,WC005,WC005,Closed Cane 005,SS,Cane,Inventory,Cane,Matt,VertGrain,1,255,0,12754.24,3,16.67,NA,NA,NA,NA,0,0,0,0,0,0,0,0,0,0,Done,Sindhu,21-07-2026,12754.24,,,,,,,,,,,,,
3FO3GKE62W6X,WC025,WC025,Closed Cane 025,SS,Cane,Inventory,Cane,Matt,VertGrain,1,255,0,12754.24,3,16.67,NA,NA,NA,NA,0,0,0,0,0,0,0,0,0,0,Done,Sindhu,21-07-2026,12754.24,,,,,,,,,,,,,
3FO3GKEDBGAR,NC001,NC001,Natural Cane 001,Sha shivadhula,Cane,Inventory,Cane,Matt,VertGrain,1,255,0,12754.24,3,16.67,NA,NA,NA,NA,0,0,0,0,0,0,0,0,0,0,Done,Sindhu,21-07-2026,"Open Hexagonal Webbing 16"" x 50 ft - 14000",,,,,,,,,,,,,
3FO3GKECVN1C,WLP001,WLP001,Wallpaper,Memuraa,Wallpaper,Inventory,Wallpaper,Matt,VertGrain,1,255,0,12754.24,3,16.67,NA,NA,NA,NA,0,0,0,0,0,0,0,0,0,0,Done,Sindhu,21-07-2026,150 dq ft ,,,,,,,,,,,,,
3FO3GKAR1EJU,WLP002,WLP002,Wallpaper,Memuraa,Wallpaper,Inventory,Wallpaper,Matt,VertGrain,1,255,0,12754.24,3,16.67,NA,NA,NA,NA,0,0,0,0,0,0,0,0,0,0,Done,Sindhu,21-07-2026,150 dq ft ,,,,,,,,,,,,,
3FO3GKDWXYS1,WLP003,WLP003,Wallpaper,Memuraa,Wallpaper,Inventory,Wallpaper,Matt,VertGrain,1,255,0,12754.24,3,16.67,NA,NA,NA,NA,0,0,0,0,0,0,0,0,0,0,Done,Sindhu,21-07-2026,150 dq ft ,,,,,,,,,,,,,
3FO3GKE1DRQU,WLP004,WLP004,Wallpaper,Memuraa,Wallpaper,Inventory,Wallpaper,Matt,VertGrain,1,255,0,12754.24,3,16.67,NA,NA,NA,NA,0,0,0,0,0,0,0,0,0,0,Done,Sindhu,21-07-2026,150 dq ft ,,,,,,,,,,,,,
,,,,,,,,,,,,,,,,,,,,,,,,,,,,,,,,,,,,,,,,,,,,,,
,,,,,,,,,,,,,,,,,,,,,,,,,,,,,,,,,,,,,,,,,,,,,,
,,,,,,,,,,,,,,2386,,,,,,,,,,,,,,,,,,,,,,,,,,,,,,,,
,,,,,,,,,,,,,,,,,,,,,,,,,,,,,,,,,,,,,,,,,,,,,,
,,,,,,,,,,,,,,19.48,,,,,,,,,,,,,,,,,,,,,,,,,,,,,,,,
,,,,,,,,,,,,,,1909.04,,,,,,,,,,,,,,,,,,,,,,,,,,,,,,,,
,,,,,,,,,,,,,,2386.3,,,,,,,,,,,,,,,,,,,,,,,,,,,,,,,,